id,name,rank,generation,type1,type2,hp,atk,def,spatk,spdef,speed,height,weight,hp/atk/def,>=220,spatk/spdef,>=140,L/M,strenght
1,bulbasaur,ordinary, i,grass,poison,45,49,49,65,65,45,7,69,143,0,130,0,0,0
2,ivysaur,ordinary, i,grass,poison,60,62,63,80,80,60,10,130,185,0,160,0,0,0
3,venusaur,ordinary, i,grass,poison,80,82,83,100,100,80,20,1000,245,1,200,0,0,1
4,charmander,ordinary, i,fire,None,39,52,43,60,50,65,6,85,134,0,110,0,0,0
5,charmeleon,ordinary, i,fire,None,58,64,58,80,65,80,11,190,180,0,145,0,0,0
6,charizard,ordinary, i,fire,flying,78,84,78,109,85,100,17,905,240,1,194,0,0,1
7,squirtle,ordinary, i,water,None,44,48,65,50,64,43,5,90,157,0,114,0,0,0
8,wartortle,ordinary, i,water,None,59,63,80,65,80,58,10,225,202,0,145,0,0,0
9,blastoise,ordinary, i,water,None,79,83,100,85,105,78,16,855,262,1,190,0,0,1
10,caterpie,ordinary, i,bug,None,45,30,35,20,20,45,3,29,110,0,40,0,0,0
11,metapod,ordinary, i,bug,None,50,20,55,25,25,30,7,99,125,0,50,0,0,0
12,butterfree,ordinary, i,bug,flying,60,45,50,90,80,70,11,320,155,0,170,0,0,0
13,weedle,ordinary, i,bug,poison,40,35,30,20,20,50,3,32,105,0,40,0,0,0
14,kakuna,ordinary, i,bug,poison,45,25,50,25,25,35,6,100,120,0,50,0,0,0
15,beedrill,ordinary, i,bug,poison,65,90,40,45,80,75,10,295,195,0,125,0,0,0
16,pidgey,ordinary, i,normal,flying,40,45,40,35,35,56,3,18,125,0,70,0,0,0
17,pidgeotto,ordinary, i,normal,flying,63,60,55,50,50,71,11,300,178,0,100,0,0,0
18,pidgeot,ordinary, i,normal,flying,83,80,75,70,70,101,15,395,238,1,140,0,0,1
19,rattata,ordinary, i,normal,None,30,56,35,25,35,72,3,35,121,0,60,0,0,0
20,raticate,ordinary, i,normal,None,55,81,60,50,70,97,7,185,196,0,120,0,0,0
21,spearow,ordinary, i,normal,flying,40,60,30,31,31,70,3,20,130,0,62,0,0,0
22,fearow,ordinary, i,normal,flying,65,90,65,61,61,100,12,380,220,1,122,0,0,1
23,ekans,ordinary, i,poison,None,35,60,44,40,54,55,20,69,139,0,94,0,0,0
24,arbok,ordinary, i,poison,None,60,95,69,65,79,80,35,650,224,1,144,0,0,1
25,pikachu,ordinary, i,electric,None,35,55,40,50,50,90,4,60,130,0,100,0,0,0
26,raichu,ordinary, i,electric,None,60,90,55,90,80,110,8,300,205,0,170,0,0,0
27,sandshrew,ordinary, i,ground,None,50,75,85,20,30,40,6,120,210,0,50,0,0,0
28,sandslash,ordinary, i,ground,None,75,100,110,45,55,65,10,295,285,1,100,0,0,1
29,nidoran-f,ordinary, i,poison,None,55,47,52,40,40,41,4,70,154,0,80,0,0,0
30,nidorina,ordinary, i,poison,None,70,62,67,55,55,56,8,200,199,0,110,0,0,0
31,nidoqueen,ordinary, i,poison,ground,90,92,87,75,85,76,13,600,269,1,160,0,0,1
32,nidoran-m,ordinary, i,poison,None,46,57,40,40,40,50,5,90,143,0,80,0,0,0
33,nidorino,ordinary, i,poison,None,61,72,57,55,55,65,9,195,190,0,110,0,0,0
34,nidoking,ordinary, i,poison,ground,81,102,77,85,75,85,14,620,260,1,160,0,0,1
35,clefairy,ordinary, i,fairy,None,70,45,48,60,65,35,6,75,163,0,125,0,0,0
36,clefable,ordinary, i,fairy,None,95,70,73,95,90,60,13,400,238,1,185,0,0,1
37,vulpix,ordinary, i,fire,None,38,41,40,50,65,65,6,99,119,0,115,0,0,0
38,ninetales,ordinary, i,fire,None,73,76,75,81,100,100,11,199,224,1,181,0,0,1
39,jigglypuff,ordinary, i,normal,fairy,115,45,20,45,25,20,5,55,180,0,70,0,0,0
40,wigglytuff,ordinary, i,normal,fairy,140,70,45,85,50,45,10,120,255,1,135,0,0,1
41,zubat,ordinary, i,poison,flying,40,45,35,30,40,55,8,75,120,0,70,0,0,0
42,golbat,ordinary, i,poison,flying,75,80,70,65,75,90,16,550,225,1,140,0,0,1
43,oddish,ordinary, i,grass,poison,45,50,55,75,65,30,5,54,150,0,140,0,0,0
44,gloom,ordinary, i,grass,poison,60,65,70,85,75,40,8,86,195,0,160,0,0,0
45,vileplume,ordinary, i,grass,poison,75,80,85,110,90,50,12,186,240,1,200,0,0,1
46,paras,ordinary, i,bug,grass,35,70,55,45,55,25,3,54,160,0,100,0,0,0
47,parasect,ordinary, i,bug,grass,60,95,80,60,80,30,10,295,235,1,140,0,0,1
48,venonat,ordinary, i,bug,poison,60,55,50,40,55,45,10,300,165,0,95,0,0,0
49,venomoth,ordinary, i,bug,poison,70,65,60,90,75,90,15,125,195,0,165,0,0,0
50,diglett,ordinary, i,ground,None,10,55,25,35,45,95,2,8,90,0,80,0,0,0
51,dugtrio,ordinary, i,ground,None,35,100,50,50,70,120,7,333,185,0,120,0,0,0
52,meowth,ordinary, i,normal,None,40,45,35,40,40,90,4,42,120,0,80,0,0,0
53,persian,ordinary, i,normal,None,65,70,60,65,65,115,10,320,195,0,130,0,0,0
54,psyduck,ordinary, i,water,None,50,52,48,65,50,55,8,196,150,0,115,0,0,0
55,golduck,ordinary, i,water,None,80,82,78,95,80,85,17,766,240,1,175,0,0,1
56,mankey,ordinary, i,fighting,None,40,80,35,35,45,70,5,280,155,0,80,0,0,0
57,primeape,ordinary, i,fighting,None,65,105,60,60,70,95,10,320,230,1,130,0,0,1
58,growlithe,ordinary, i,fire,None,55,70,45,70,50,60,7,190,170,0,120,0,0,0
59,arcanine,ordinary, i,fire,None,90,110,80,100,80,95,19,1550,280,1,180,0,0,1
60,poliwag,ordinary, i,water,None,40,50,40,40,40,90,6,124,130,0,80,0,0,0
61,poliwhirl,ordinary, i,water,None,65,65,65,50,50,90,10,200,195,0,100,0,0,0
62,poliwrath,ordinary, i,water,fighting,90,95,95,70,90,70,13,540,280,1,160,0,0,1
63,abra,ordinary, i,psychic,None,25,20,15,105,55,90,9,195,60,0,160,0,0,0
64,kadabra,ordinary, i,psychic,None,40,35,30,120,70,105,13,565,105,0,190,0,0,0
65,alakazam,ordinary, i,psychic,None,55,50,45,135,95,120,15,480,150,0,230,0,0,0
66,machop,ordinary, i,fighting,None,70,80,50,35,35,35,8,195,200,0,70,0,0,0
67,machoke,ordinary, i,fighting,None,80,100,70,50,60,45,15,705,250,1,110,0,0,1
68,machamp,ordinary, i,fighting,None,90,130,80,65,85,55,16,1300,300,1,150,0,0,1
69,bellsprout,ordinary, i,grass,poison,50,75,35,70,30,40,7,40,160,0,100,0,0,0
70,weepinbell,ordinary, i,grass,poison,65,90,50,85,45,55,10,64,205,0,130,0,0,0
71,victreebel,ordinary, i,grass,poison,80,105,65,100,70,70,17,155,250,1,170,0,0,1
72,tentacool,ordinary, i,water,poison,40,40,35,50,100,70,9,455,115,0,150,0,0,0
73,tentacruel,ordinary, i,water,poison,80,70,65,80,120,100,16,550,215,0,200,0,0,0
74,geodude,ordinary, i,rock,ground,40,80,100,30,30,20,4,200,220,1,60,0,0,1
75,graveler,ordinary, i,rock,ground,55,95,115,45,45,35,10,1050,265,1,90,0,0,1
76,golem,ordinary, i,rock,ground,80,120,130,55,65,45,14,3000,330,1,120,0,0,1
77,ponyta,ordinary, i,fire,None,50,85,55,65,65,90,10,300,190,0,130,0,0,0
78,rapidash,ordinary, i,fire,None,65,100,70,80,80,105,17,950,235,1,160,0,0,1
79,slowpoke,ordinary, i,water,psychic,90,65,65,40,40,15,12,360,220,1,80,0,0,1
80,slowbro,ordinary, i,water,psychic,95,75,110,100,80,30,16,785,280,1,180,0,0,1
81,magnemite,ordinary, i,electric,steel,25,35,70,95,55,45,3,60,130,0,150,0,0,0
82,magneton,ordinary, i,electric,steel,50,60,95,120,70,70,10,600,205,0,190,0,0,0
83,farfetchd,ordinary, i,normal,flying,52,90,55,58,62,60,8,150,197,0,120,0,0,0
84,doduo,ordinary, i,normal,flying,35,85,45,35,35,75,14,392,165,0,70,0,0,0
85,dodrio,ordinary, i,normal,flying,60,110,70,60,60,110,18,852,240,1,120,0,0,1
86,seel,ordinary, i,water,None,65,45,55,45,70,45,11,900,165,0,115,0,0,0
87,dewgong,ordinary, i,water,ice,90,70,80,70,95,70,17,1200,240,1,165,0,0,1
88,grimer,ordinary, i,poison,None,80,80,50,40,50,25,9,300,210,0,90,0,0,0
89,muk,ordinary, i,poison,None,105,105,75,65,100,50,12,300,285,1,165,0,0,1
90,shellder,ordinary, i,water,None,30,65,100,45,25,40,3,40,195,0,70,0,0,0
91,cloyster,ordinary, i,water,ice,50,95,180,85,45,70,15,1325,325,1,130,0,0,1
92,gastly,ordinary, i,ghost,poison,30,35,30,100,35,80,13,1,95,0,135,0,0,0
93,haunter,ordinary, i,ghost,poison,45,50,45,115,55,95,16,1,140,0,170,0,0,0
94,gengar,ordinary, i,ghost,poison,60,65,60,130,75,110,15,405,185,0,205,0,0,0
95,onix,ordinary, i,rock,ground,35,45,160,30,45,70,88,2100,240,1,75,0,0,1
96,drowzee,ordinary, i,psychic,None,60,48,45,43,90,42,10,324,153,0,133,0,0,0
97,hypno,ordinary, i,psychic,None,85,73,70,73,115,67,16,756,228,1,188,0,0,1
98,krabby,ordinary, i,water,None,30,105,90,25,25,50,4,65,225,1,50,0,0,1
99,kingler,ordinary, i,water,None,55,130,115,50,50,75,13,600,300,1,100,0,0,1
100,voltorb,ordinary, i,electric,None,40,30,50,55,55,100,5,104,120,0,110,0,0,0
101,electrode,ordinary, i,electric,None,60,50,70,80,80,150,12,666,180,0,160,0,0,0
102,exeggcute,ordinary, i,grass,psychic,60,40,80,60,45,40,4,25,180,0,105,0,0,0
103,exeggutor,ordinary, i,grass,psychic,95,95,85,125,75,55,20,1200,275,1,200,0,0,1
104,cubone,ordinary, i,ground,None,50,50,95,40,50,35,4,65,195,0,90,0,0,0
105,marowak,ordinary, i,ground,None,60,80,110,50,80,45,10,450,250,1,130,0,0,1
106,hitmonlee,ordinary, i,fighting,None,50,120,53,35,110,87,15,498,223,1,145,0,0,1
107,hitmonchan,ordinary, i,fighting,None,50,105,79,35,110,76,14,502,234,1,145,0,0,1
108,lickitung,ordinary, i,normal,None,90,55,75,60,75,30,12,655,220,1,135,0,0,1
109,koffing,ordinary, i,poison,None,40,65,95,60,45,35,6,10,200,0,105,0,0,0
110,weezing,ordinary, i,poison,None,65,90,120,85,70,60,12,95,275,1,155,0,0,1
111,rhyhorn,ordinary, i,ground,rock,80,85,95,30,30,25,10,1150,260,1,60,0,0,1
112,rhydon,ordinary, i,ground,rock,105,130,120,45,45,40,19,1200,355,1,90,0,0,1
113,chansey,ordinary, i,normal,None,250,5,5,35,105,50,11,346,260,1,140,0,0,1
114,tangela,ordinary, i,grass,None,65,55,115,100,40,60,10,350,235,1,140,0,0,1
115,kangaskhan,ordinary, i,normal,None,105,95,80,40,80,90,22,800,280,1,120,0,0,1
116,horsea,ordinary, i,water,None,30,40,70,70,25,60,4,80,140,0,95,0,0,0
117,seadra,ordinary, i,water,None,55,65,95,95,45,85,12,250,215,0,140,0,0,0
118,goldeen,ordinary, i,water,None,45,67,60,35,50,63,6,150,172,0,85,0,0,0
119,seaking,ordinary, i,water,None,80,92,65,65,80,68,13,390,237,1,145,0,0,1
120,staryu,ordinary, i,water,None,30,45,55,70,55,85,8,345,130,0,125,0,0,0
121,starmie,ordinary, i,water,psychic,60,75,85,100,85,115,11,800,220,1,185,0,0,1
122,mr-mime,ordinary, i,psychic,fairy,40,45,65,100,120,90,13,545,150,0,220,0,0,0
123,scyther,ordinary, i,bug,flying,70,110,80,55,80,105,15,560,260,1,135,0,0,1
124,jynx,ordinary, i,ice,psychic,65,50,35,115,95,95,14,406,150,0,210,0,0,0
125,electabuzz,ordinary, i,electric,None,65,83,57,95,85,105,11,300,205,0,180,0,0,0
126,magmar,ordinary, i,fire,None,65,95,57,100,85,93,13,445,217,0,185,0,0,0
127,pinsir,ordinary, i,bug,None,65,125,100,55,70,85,15,550,290,1,125,0,0,1
128,tauros,ordinary, i,normal,None,75,100,95,40,70,110,14,884,270,1,110,0,0,1
129,magikarp,ordinary, i,water,None,20,10,55,15,20,80,9,100,85,0,35,0,0,0
130,gyarados,ordinary, i,water,flying,95,125,79,60,100,81,65,2350,299,1,160,0,0,1
131,lapras,ordinary, i,water,ice,130,85,80,85,95,60,25,2200,295,1,180,0,0,1
132,ditto,ordinary, i,normal,None,48,48,48,48,48,48,3,40,144,0,96,0,0,0
133,eevee,ordinary, i,normal,None,55,55,50,45,65,55,3,65,160,0,110,0,0,0
134,vaporeon,ordinary, i,water,None,130,65,60,110,95,65,10,290,255,1,205,0,0,1
135,jolteon,ordinary, i,electric,None,65,65,60,110,95,130,8,245,190,0,205,0,0,0
136,flareon,ordinary, i,fire,None,65,130,60,95,110,65,9,250,255,1,205,0,0,1
137,porygon,ordinary, i,normal,None,65,60,70,85,75,40,8,365,195,0,160,0,0,0
138,omanyte,ordinary, i,rock,water,35,40,100,90,55,35,4,75,175,0,145,0,0,0
139,omastar,ordinary, i,rock,water,70,60,125,115,70,55,10,350,255,1,185,0,0,1
140,kabuto,ordinary, i,rock,water,30,80,90,55,45,55,5,115,200,0,100,0,0,0
141,kabutops,ordinary, i,rock,water,60,115,105,65,70,80,13,405,280,1,135,0,0,1
142,aerodactyl,ordinary, i,rock,flying,80,105,65,60,75,130,18,590,250,1,135,0,0,1
143,snorlax,ordinary, i,normal,None,160,110,65,65,110,30,21,4600,335,1,175,0,0,1
144,articuno,legendary, i,ice,flying,90,85,100,95,125,85,17,554,275,1,220,0,1,1
145,zapdos,legendary, i,electric,flying,90,90,85,125,90,100,16,526,265,1,215,0,1,1
146,moltres,legendary, i,fire,flying,90,100,90,125,85,90,20,600,280,1,210,0,1,1
147,dratini,ordinary, i,dragon,None,41,64,45,50,50,50,18,33,150,0,100,0,0,0
148,dragonair,ordinary, i,dragon,None,61,84,65,70,70,70,40,165,210,0,140,0,0,0
149,dragonite,ordinary, i,dragon,flying,91,134,95,100,100,80,22,2100,320,1,200,0,0,1
150,mewtwo,legendary, i,psychic,None,106,110,90,154,90,130,20,1220,306,1,244,1,1,1
151,mew,mythical, i,psychic,None,100,100,100,100,100,100,4,40,300,1,200,0,1,1
152,chikorita,ordinary, ii,grass,None,45,49,65,49,65,45,9,64,159,0,114,0,0,0
153,bayleef,ordinary, ii,grass,None,60,62,80,63,80,60,12,158,202,0,143,0,0,0
154,meganium,ordinary, ii,grass,None,80,82,100,83,100,80,18,1005,262,1,183,0,0,1
155,cyndaquil,ordinary, ii,fire,None,39,52,43,60,50,65,5,79,134,0,110,0,0,0
156,quilava,ordinary, ii,fire,None,58,64,58,80,65,80,9,190,180,0,145,0,0,0
157,typhlosion,ordinary, ii,fire,None,78,84,78,109,85,100,17,795,240,1,194,0,0,1
158,totodile,ordinary, ii,water,None,50,65,64,44,48,43,6,95,179,0,92,0,0,0
159,croconaw,ordinary, ii,water,None,65,80,80,59,63,58,11,250,225,1,122,0,0,1
160,feraligatr,ordinary, ii,water,None,85,105,100,79,83,78,23,888,290,1,162,0,0,1
161,sentret,ordinary, ii,normal,None,35,46,34,35,45,20,8,60,115,0,80,0,0,0
162,furret,ordinary, ii,normal,None,85,76,64,45,55,90,18,325,225,1,100,0,0,1
163,hoothoot,ordinary, ii,normal,flying,60,30,30,36,56,50,7,212,120,0,92,0,0,0
164,noctowl,ordinary, ii,normal,flying,100,50,50,86,96,70,16,408,200,0,182,0,0,0
165,ledyba,ordinary, ii,bug,flying,40,20,30,40,80,55,10,108,90,0,120,0,0,0
166,ledian,ordinary, ii,bug,flying,55,35,50,55,110,85,14,356,140,0,165,0,0,0
167,spinarak,ordinary, ii,bug,poison,40,60,40,40,40,30,5,85,140,0,80,0,0,0
168,ariados,ordinary, ii,bug,poison,70,90,70,60,70,40,11,335,230,1,130,0,0,1
169,crobat,ordinary, ii,poison,flying,85,90,80,70,80,130,18,750,255,1,150,0,0,1
170,chinchou,ordinary, ii,water,electric,75,38,38,56,56,67,5,120,151,0,112,0,0,0
171,lanturn,ordinary, ii,water,electric,125,58,58,76,76,67,12,225,241,1,152,0,0,1
172,pichu,baby, ii,electric,None,20,40,15,35,35,60,3,20,75,0,70,0,0,0
173,cleffa,baby, ii,fairy,None,50,25,28,45,55,15,3,30,103,0,100,0,0,0
174,igglybuff,baby, ii,normal,fairy,90,30,15,40,20,15,3,10,135,0,60,0,0,0
175,togepi,baby, ii,fairy,None,35,20,65,40,65,20,3,15,120,0,105,0,0,0
176,togetic,ordinary, ii,fairy,flying,55,40,85,80,105,40,6,32,180,0,185,0,0,0
177,natu,ordinary, ii,psychic,flying,40,50,45,70,45,70,2,20,135,0,115,0,0,0
178,xatu,ordinary, ii,psychic,flying,65,75,70,95,70,95,15,150,210,0,165,0,0,0
179,mareep,ordinary, ii,electric,None,55,40,40,65,45,35,6,78,135,0,110,0,0,0
180,flaaffy,ordinary, ii,electric,None,70,55,55,80,60,45,8,133,180,0,140,0,0,0
181,ampharos,ordinary, ii,electric,None,90,75,85,115,90,55,14,615,250,1,205,0,0,1
182,bellossom,ordinary, ii,grass,None,75,80,95,90,100,50,4,58,250,1,190,0,0,1
183,marill,ordinary, ii,water,fairy,70,20,50,20,50,40,4,85,140,0,70,0,0,0
184,azumarill,ordinary, ii,water,fairy,100,50,80,60,80,50,8,285,230,1,140,0,0,1
185,sudowoodo,ordinary, ii,rock,None,70,100,115,30,65,30,12,380,285,1,95,0,0,1
186,politoed,ordinary, ii,water,None,90,75,75,90,100,70,11,339,240,1,190,0,0,1
187,hoppip,ordinary, ii,grass,flying,35,35,40,35,55,50,4,5,110,0,90,0,0,0
188,skiploom,ordinary, ii,grass,flying,55,45,50,45,65,80,6,10,150,0,110,0,0,0
189,jumpluff,ordinary, ii,grass,flying,75,55,70,55,95,110,8,30,200,0,150,0,0,0
190,aipom,ordinary, ii,normal,None,55,70,55,40,55,85,8,115,180,0,95,0,0,0
191,sunkern,ordinary, ii,grass,None,30,30,30,30,30,30,3,18,90,0,60,0,0,0
192,sunflora,ordinary, ii,grass,None,75,75,55,105,85,30,8,85,205,0,190,0,0,0
193,yanma,ordinary, ii,bug,flying,65,65,45,75,45,95,12,380,175,0,120,0,0,0
194,wooper,ordinary, ii,water,ground,55,45,45,25,25,15,4,85,145,0,50,0,0,0
195,quagsire,ordinary, ii,water,ground,95,85,85,65,65,35,14,750,265,1,130,0,0,1
196,espeon,ordinary, ii,psychic,None,65,65,60,130,95,110,9,265,190,0,225,0,0,0
197,umbreon,ordinary, ii,dark,None,95,65,110,60,130,65,10,270,270,1,190,0,0,1
198,murkrow,ordinary, ii,dark,flying,60,85,42,85,42,91,5,21,187,0,127,0,0,0
199,slowking,ordinary, ii,water,psychic,95,75,80,100,110,30,20,795,250,1,210,0,0,1
200,misdreavus,ordinary, ii,ghost,None,60,60,60,85,85,85,7,10,180,0,170,0,0,0
201,unown,ordinary, ii,psychic,None,48,72,48,72,48,48,5,50,168,0,120,0,0,0
202,wobbuffet,ordinary, ii,psychic,None,190,33,58,33,58,33,13,285,281,1,91,0,0,1
203,girafarig,ordinary, ii,normal,psychic,70,80,65,90,65,85,15,415,215,0,155,0,0,0
204,pineco,ordinary, ii,bug,None,50,65,90,35,35,15,6,72,205,0,70,0,0,0
205,forretress,ordinary, ii,bug,steel,75,90,140,60,60,40,12,1258,305,1,120,0,0,1
206,dunsparce,ordinary, ii,normal,None,100,70,70,65,65,45,15,140,240,1,130,0,0,1
207,gligar,ordinary, ii,ground,flying,65,75,105,35,65,85,11,648,245,1,100,0,0,1
208,steelix,ordinary, ii,steel,ground,75,85,200,55,65,30,92,4000,360,1,120,0,0,1
209,snubbull,ordinary, ii,fairy,None,60,80,50,40,40,30,6,78,190,0,80,0,0,0
210,granbull,ordinary, ii,fairy,None,90,120,75,60,60,45,14,487,285,1,120,0,0,1
211,qwilfish,ordinary, ii,water,poison,65,95,85,55,55,85,5,39,245,1,110,0,0,1
212,scizor,ordinary, ii,bug,steel,70,130,100,55,80,65,18,1180,300,1,135,0,0,1
213,shuckle,ordinary, ii,bug,rock,20,10,230,10,230,5,6,205,260,1,240,1,0,1
214,heracross,ordinary, ii,bug,fighting,80,125,75,40,95,85,15,540,280,1,135,0,0,1
215,sneasel,ordinary, ii,dark,ice,55,95,55,35,75,115,9,280,205,0,110,0,0,0
216,teddiursa,ordinary, ii,normal,None,60,80,50,50,50,40,6,88,190,0,100,0,0,0
217,ursaring,ordinary, ii,normal,None,90,130,75,75,75,55,18,1258,295,1,150,0,0,1
218,slugma,ordinary, ii,fire,None,40,40,40,70,40,20,7,350,120,0,110,0,0,0
219,magcargo,ordinary, ii,fire,rock,60,50,120,90,80,30,8,550,230,1,170,0,0,1
220,swinub,ordinary, ii,ice,ground,50,50,40,30,30,50,4,65,140,0,60,0,0,0
221,piloswine,ordinary, ii,ice,ground,100,100,80,60,60,50,11,558,280,1,120,0,0,1
222,corsola,ordinary, ii,water,rock,65,55,95,65,95,35,6,50,215,0,160,0,0,0
223,remoraid,ordinary, ii,water,None,35,65,35,65,35,65,6,120,135,0,100,0,0,0
224,octillery,ordinary, ii,water,None,75,105,75,105,75,45,9,285,255,1,180,0,0,1
225,delibird,ordinary, ii,ice,flying,45,55,45,65,45,75,9,160,145,0,110,0,0,0
226,mantine,ordinary, ii,water,flying,85,40,70,80,140,70,21,2200,195,0,220,0,0,0
227,skarmory,ordinary, ii,steel,flying,65,80,140,40,70,70,17,505,285,1,110,0,0,1
228,houndour,ordinary, ii,dark,fire,45,60,30,80,50,65,6,108,135,0,130,0,0,0
229,houndoom,ordinary, ii,dark,fire,75,90,50,110,80,95,14,350,215,0,190,0,0,0
230,kingdra,ordinary, ii,water,dragon,75,95,95,95,95,85,18,1520,265,1,190,0,0,1
231,phanpy,ordinary, ii,ground,None,90,60,60,40,40,40,5,335,210,0,80,0,0,0
232,donphan,ordinary, ii,ground,None,90,120,120,60,60,50,11,1200,330,1,120,0,0,1
233,porygon2,ordinary, ii,normal,None,85,80,90,105,95,60,6,325,255,1,200,0,0,1
234,stantler,ordinary, ii,normal,None,73,95,62,85,65,85,14,712,230,1,150,0,0,1
235,smeargle,ordinary, ii,normal,None,55,20,35,20,45,75,12,580,110,0,65,0,0,0
236,tyrogue,baby, ii,fighting,None,35,35,35,35,35,35,7,210,105,0,70,0,0,0
237,hitmontop,ordinary, ii,fighting,None,50,95,95,35,110,70,14,480,240,1,145,0,0,1
238,smoochum,baby, ii,ice,psychic,45,30,15,85,65,65,4,60,90,0,150,0,0,0
239,elekid,baby, ii,electric,None,45,63,37,65,55,95,6,235,145,0,120,0,0,0
240,magby,baby, ii,fire,None,45,75,37,70,55,83,7,214,157,0,125,0,0,0
241,miltank,ordinary, ii,normal,None,95,80,105,40,70,100,12,755,280,1,110,0,0,1
242,blissey,ordinary, ii,normal,None,255,10,10,75,135,55,15,468,275,1,210,0,0,1
243,raikou,legendary, ii,electric,None,90,85,75,115,100,115,19,1780,250,1,215,0,1,1
244,entei,legendary, ii,fire,None,115,115,85,90,75,100,21,1980,315,1,165,0,1,1
245,suicune,legendary, ii,water,None,100,75,115,90,115,85,20,1870,290,1,205,0,1,1
246,larvitar,ordinary, ii,rock,ground,50,64,50,45,50,41,6,720,164,0,95,0,0,0
247,pupitar,ordinary, ii,rock,ground,70,84,70,65,70,51,12,1520,224,1,135,0,0,1
248,tyranitar,ordinary, ii,rock,dark,100,134,110,95,100,61,20,2020,344,1,195,0,0,1
249,lugia,legendary, ii,psychic,flying,106,90,130,90,154,110,52,2160,326,1,244,1,1,1
250,ho-oh,legendary, ii,fire,flying,106,130,90,110,154,90,38,1990,326,1,264,1,1,1
251,celebi,mythical, ii,psychic,grass,100,100,100,100,100,100,6,50,300,1,200,0,1,1
252,treecko,ordinary, iii,grass,None,40,45,35,65,55,70,5,50,120,0,120,0,0,0
253,grovyle,ordinary, iii,grass,None,50,65,45,85,65,95,9,216,160,0,150,0,0,0
254,sceptile,ordinary, iii,grass,None,70,85,65,105,85,120,17,522,220,1,190,0,0,1
255,torchic,ordinary, iii,fire,None,45,60,40,70,50,45,4,25,145,0,120,0,0,0
256,combusken,ordinary, iii,fire,fighting,60,85,60,85,60,55,9,195,205,0,145,0,0,0
257,blaziken,ordinary, iii,fire,fighting,80,120,70,110,70,80,19,520,270,1,180,0,0,1
258,mudkip,ordinary, iii,water,None,50,70,50,50,50,40,4,76,170,0,100,0,0,0
259,marshtomp,ordinary, iii,water,ground,70,85,70,60,70,50,7,280,225,1,130,0,0,1
260,swampert,ordinary, iii,water,ground,100,110,90,85,90,60,15,819,300,1,175,0,0,1
261,poochyena,ordinary, iii,dark,None,35,55,35,30,30,35,5,136,125,0,60,0,0,0
262,mightyena,ordinary, iii,dark,None,70,90,70,60,60,70,10,370,230,1,120,0,0,1
263,zigzagoon,ordinary, iii,normal,None,38,30,41,30,41,60,4,175,109,0,71,0,0,0
264,linoone,ordinary, iii,normal,None,78,70,61,50,61,100,5,325,209,0,111,0,0,0
265,wurmple,ordinary, iii,bug,None,45,45,35,20,30,20,3,36,125,0,50,0,0,0
266,silcoon,ordinary, iii,bug,None,50,35,55,25,25,15,6,100,140,0,50,0,0,0
267,beautifly,ordinary, iii,bug,flying,60,70,50,100,50,65,10,284,180,0,150,0,0,0
268,cascoon,ordinary, iii,bug,None,50,35,55,25,25,15,7,115,140,0,50,0,0,0
269,dustox,ordinary, iii,bug,poison,60,50,70,50,90,65,12,316,180,0,140,0,0,0
270,lotad,ordinary, iii,water,grass,40,30,30,40,50,30,5,26,100,0,90,0,0,0
271,lombre,ordinary, iii,water,grass,60,50,50,60,70,50,12,325,160,0,130,0,0,0
272,ludicolo,ordinary, iii,water,grass,80,70,70,90,100,70,15,550,220,1,190,0,0,1
273,seedot,ordinary, iii,grass,None,40,40,50,30,30,30,5,40,130,0,60,0,0,0
274,nuzleaf,ordinary, iii,grass,dark,70,70,40,60,40,60,10,280,180,0,100,0,0,0
275,shiftry,ordinary, iii,grass,dark,90,100,60,90,60,80,13,596,250,1,150,0,0,1
276,taillow,ordinary, iii,normal,flying,40,55,30,30,30,85,3,23,125,0,60,0,0,0
277,swellow,ordinary, iii,normal,flying,60,85,60,75,50,125,7,198,205,0,125,0,0,0
278,wingull,ordinary, iii,water,flying,40,30,30,55,30,85,6,95,100,0,85,0,0,0
279,pelipper,ordinary, iii,water,flying,60,50,100,95,70,65,12,280,210,0,165,0,0,0
280,ralts,ordinary, iii,psychic,fairy,28,25,25,45,35,40,4,66,78,0,80,0,0,0
281,kirlia,ordinary, iii,psychic,fairy,38,35,35,65,55,50,8,202,108,0,120,0,0,0
282,gardevoir,ordinary, iii,psychic,fairy,68,65,65,125,115,80,16,484,198,0,240,1,0,1
283,surskit,ordinary, iii,bug,water,40,30,32,50,52,65,5,17,102,0,102,0,0,0
284,masquerain,ordinary, iii,bug,flying,70,60,62,100,82,80,8,36,192,0,182,0,0,0
285,shroomish,ordinary, iii,grass,None,60,40,60,40,60,35,4,45,160,0,100,0,0,0
286,breloom,ordinary, iii,grass,fighting,60,130,80,60,60,70,12,392,270,1,120,0,0,1
287,slakoth,ordinary, iii,normal,None,60,60,60,35,35,30,8,240,180,0,70,0,0,0
288,vigoroth,ordinary, iii,normal,None,80,80,80,55,55,90,14,465,240,1,110,0,0,1
289,slaking,ordinary, iii,normal,None,150,160,100,95,65,100,20,1305,410,1,160,0,0,1
290,nincada,ordinary, iii,bug,ground,31,45,90,30,30,40,5,55,166,0,60,0,0,0
291,ninjask,ordinary, iii,bug,flying,61,90,45,50,50,160,8,120,196,0,100,0,0,0
292,shedinja,ordinary, iii,bug,ghost,1,90,45,30,30,40,8,12,136,0,60,0,0,0
293,whismur,ordinary, iii,normal,None,64,51,23,51,23,28,6,163,138,0,74,0,0,0
294,loudred,ordinary, iii,normal,None,84,71,43,71,43,48,10,405,198,0,114,0,0,0
295,exploud,ordinary, iii,normal,None,104,91,63,91,73,68,15,840,258,1,164,0,0,1
296,makuhita,ordinary, iii,fighting,None,72,60,30,20,30,25,10,864,162,0,50,0,0,0
297,hariyama,ordinary, iii,fighting,None,144,120,60,40,60,50,23,2538,324,1,100,0,0,1
298,azurill,baby, iii,normal,fairy,50,20,40,20,40,20,2,20,110,0,60,0,0,0
299,nosepass,ordinary, iii,rock,None,30,45,135,45,90,30,10,970,210,0,135,0,0,0
300,skitty,ordinary, iii,normal,None,50,45,45,35,35,50,6,110,140,0,70,0,0,0
301,delcatty,ordinary, iii,normal,None,70,65,65,55,55,90,11,326,200,0,110,0,0,0
302,sableye,ordinary, iii,dark,ghost,50,75,75,65,65,50,5,110,200,0,130,0,0,0
303,mawile,ordinary, iii,steel,fairy,50,85,85,55,55,50,6,115,220,1,110,0,0,1
304,aron,ordinary, iii,steel,rock,50,70,100,40,40,30,4,600,220,1,80,0,0,1
305,lairon,ordinary, iii,steel,rock,60,90,140,50,50,40,9,1200,290,1,100,0,0,1
306,aggron,ordinary, iii,steel,rock,70,110,180,60,60,50,21,3600,360,1,120,0,0,1
307,meditite,ordinary, iii,fighting,psychic,30,40,55,40,55,60,6,112,125,0,95,0,0,0
308,medicham,ordinary, iii,fighting,psychic,60,60,75,60,75,80,13,315,195,0,135,0,0,0
309,electrike,ordinary, iii,electric,None,40,45,40,65,40,65,6,152,125,0,105,0,0,0
310,manectric,ordinary, iii,electric,None,70,75,60,105,60,105,15,402,205,0,165,0,0,0
311,plusle,ordinary, iii,electric,None,60,50,40,85,75,95,4,42,150,0,160,0,0,0
312,minun,ordinary, iii,electric,None,60,40,50,75,85,95,4,42,150,0,160,0,0,0
313,volbeat,ordinary, iii,bug,None,65,73,75,47,85,85,7,177,213,0,132,0,0,0
314,illumise,ordinary, iii,bug,None,65,47,75,73,85,85,6,177,187,0,158,0,0,0
315,roselia,ordinary, iii,grass,poison,50,60,45,100,80,65,3,20,155,0,180,0,0,0
316,gulpin,ordinary, iii,poison,None,70,43,53,43,53,40,4,103,166,0,96,0,0,0
317,swalot,ordinary, iii,poison,None,100,73,83,73,83,55,17,800,256,1,156,0,0,1
318,carvanha,ordinary, iii,water,dark,45,90,20,65,20,65,8,208,155,0,85,0,0,0
319,sharpedo,ordinary, iii,water,dark,70,120,40,95,40,95,18,888,230,1,135,0,0,1
320,wailmer,ordinary, iii,water,None,130,70,35,70,35,60,20,1300,235,1,105,0,0,1
321,wailord,ordinary, iii,water,None,170,90,45,90,45,60,145,3980,305,1,135,0,0,1
322,numel,ordinary, iii,fire,ground,60,60,40,65,45,35,7,240,160,0,110,0,0,0
323,camerupt,ordinary, iii,fire,ground,70,100,70,105,75,40,19,2200,240,1,180,0,0,1
324,torkoal,ordinary, iii,fire,None,70,85,140,85,70,20,5,804,295,1,155,0,0,1
325,spoink,ordinary, iii,psychic,None,60,25,35,70,80,60,7,306,120,0,150,0,0,0
326,grumpig,ordinary, iii,psychic,None,80,45,65,90,110,80,9,715,190,0,200,0,0,0
327,spinda,ordinary, iii,normal,None,60,60,60,60,60,60,11,50,180,0,120,0,0,0
328,trapinch,ordinary, iii,ground,None,45,100,45,45,45,10,7,150,190,0,90,0,0,0
329,vibrava,ordinary, iii,ground,dragon,50,70,50,50,50,70,11,153,170,0,100,0,0,0
330,flygon,ordinary, iii,ground,dragon,80,100,80,80,80,100,20,820,260,1,160,0,0,1
331,cacnea,ordinary, iii,grass,None,50,85,40,85,40,35,4,513,175,0,125,0,0,0
332,cacturne,ordinary, iii,grass,dark,70,115,60,115,60,55,13,774,245,1,175,0,0,1
333,swablu,ordinary, iii,normal,flying,45,40,60,40,75,50,4,12,145,0,115,0,0,0
334,altaria,ordinary, iii,dragon,flying,75,70,90,70,105,80,11,206,235,1,175,0,0,1
335,zangoose,ordinary, iii,normal,None,73,115,60,60,60,90,13,403,248,1,120,0,0,1
336,seviper,ordinary, iii,poison,None,73,100,60,100,60,65,27,525,233,1,160,0,0,1
337,lunatone,ordinary, iii,rock,psychic,90,55,65,95,85,70,10,1680,210,0,180,0,0,0
338,solrock,ordinary, iii,rock,psychic,90,95,85,55,65,70,12,1540,270,1,120,0,0,1
339,barboach,ordinary, iii,water,ground,50,48,43,46,41,60,4,19,141,0,87,0,0,0
340,whiscash,ordinary, iii,water,ground,110,78,73,76,71,60,9,236,261,1,147,0,0,1
341,corphish,ordinary, iii,water,None,43,80,65,50,35,35,6,115,188,0,85,0,0,0
342,crawdaunt,ordinary, iii,water,dark,63,120,85,90,55,55,11,328,268,1,145,0,0,1
343,baltoy,ordinary, iii,ground,psychic,40,40,55,40,70,55,5,215,135,0,110,0,0,0
344,claydol,ordinary, iii,ground,psychic,60,70,105,70,120,75,15,1080,235,1,190,0,0,1
345,lileep,ordinary, iii,rock,grass,66,41,77,61,87,23,10,238,184,0,148,0,0,0
346,cradily,ordinary, iii,rock,grass,86,81,97,81,107,43,15,604,264,1,188,0,0,1
347,anorith,ordinary, iii,rock,bug,45,95,50,40,50,75,7,125,190,0,90,0,0,0
348,armaldo,ordinary, iii,rock,bug,75,125,100,70,80,45,15,682,300,1,150,0,0,1
349,feebas,ordinary, iii,water,None,20,15,20,10,55,80,6,74,55,0,65,0,0,0
350,milotic,ordinary, iii,water,None,95,60,79,100,125,81,62,1620,234,1,225,0,0,1
351,castform,ordinary, iii,normal,None,70,70,70,70,70,70,3,8,210,0,140,0,0,0
352,kecleon,ordinary, iii,normal,None,60,90,70,60,120,40,10,220,220,1,180,0,0,1
353,shuppet,ordinary, iii,ghost,None,44,75,35,63,33,45,6,23,154,0,96,0,0,0
354,banette,ordinary, iii,ghost,None,64,115,65,83,63,65,11,125,244,1,146,0,0,1
355,duskull,ordinary, iii,ghost,None,20,40,90,30,90,25,8,150,150,0,120,0,0,0
356,dusclops,ordinary, iii,ghost,None,40,70,130,60,130,25,16,306,240,1,190,0,0,1
357,tropius,ordinary, iii,grass,flying,99,68,83,72,87,51,20,1000,250,1,159,0,0,1
358,chimecho,ordinary, iii,psychic,None,75,50,80,95,90,65,6,10,205,0,185,0,0,0
359,absol,ordinary, iii,dark,None,65,130,60,75,60,75,12,470,255,1,135,0,0,1
360,wynaut,baby, iii,psychic,None,95,23,48,23,48,23,6,140,166,0,71,0,0,0
361,snorunt,ordinary, iii,ice,None,50,50,50,50,50,50,7,168,150,0,100,0,0,0
362,glalie,ordinary, iii,ice,None,80,80,80,80,80,80,15,2565,240,1,160,0,0,1
363,spheal,ordinary, iii,ice,water,70,40,50,55,50,25,8,395,160,0,105,0,0,0
364,sealeo,ordinary, iii,ice,water,90,60,70,75,70,45,11,876,220,1,145,0,0,1
365,walrein,ordinary, iii,ice,water,110,80,90,95,90,65,14,1506,280,1,185,0,0,1
366,clamperl,ordinary, iii,water,None,35,64,85,74,55,32,4,525,184,0,129,0,0,0
367,huntail,ordinary, iii,water,None,55,104,105,94,75,52,17,270,264,1,169,0,0,1
368,gorebyss,ordinary, iii,water,None,55,84,105,114,75,52,18,226,244,1,189,0,0,1
369,relicanth,ordinary, iii,water,rock,100,90,130,45,65,55,10,234,320,1,110,0,0,1
370,luvdisc,ordinary, iii,water,None,43,30,55,40,65,97,6,87,128,0,105,0,0,0
371,bagon,ordinary, iii,dragon,None,45,75,60,40,30,50,6,421,180,0,70,0,0,0
372,shelgon,ordinary, iii,dragon,None,65,95,100,60,50,50,11,1105,260,1,110,0,0,1
373,salamence,ordinary, iii,dragon,flying,95,135,80,110,80,100,15,1026,310,1,190,0,0,1
374,beldum,ordinary, iii,steel,psychic,40,55,80,35,60,30,6,952,175,0,95,0,0,0
375,metang,ordinary, iii,steel,psychic,60,75,100,55,80,50,12,2025,235,1,135,0,0,1
376,metagross,ordinary, iii,steel,psychic,80,135,130,95,90,70,16,5500,345,1,185,0,0,1
377,regirock,legendary, iii,rock,None,80,100,200,50,100,50,17,2300,380,1,150,0,1,1
378,regice,legendary, iii,ice,None,80,50,100,100,200,50,18,1750,230,1,300,1,1,1
379,registeel,legendary, iii,steel,None,80,75,150,75,150,50,19,2050,305,1,225,0,1,1
380,latias,legendary, iii,dragon,psychic,80,80,90,110,130,110,14,400,250,1,240,1,1,1
381,latios,legendary, iii,dragon,psychic,80,90,80,130,110,110,20,600,250,1,240,1,1,1
382,kyogre,legendary, iii,water,None,100,100,90,150,140,90,45,3520,290,1,290,1,1,1
383,groudon,legendary, iii,ground,None,100,150,140,100,90,90,35,9500,390,1,190,0,1,1
384,rayquaza,legendary, iii,dragon,flying,105,150,90,150,90,95,70,2065,345,1,240,1,1,1
385,jirachi,mythical, iii,steel,psychic,100,100,100,100,100,100,3,11,300,1,200,0,1,1
386,deoxys,mythical, iii,psychic,None,50,150,50,150,50,150,17,608,250,1,200,0,1,1
387,turtwig,ordinary, iv,grass,None,55,68,64,45,55,31,4,102,187,0,100,0,0,0
388,grotle,ordinary, iv,grass,None,75,89,85,55,65,36,11,970,249,1,120,0,0,1
389,torterra,ordinary, iv,grass,ground,95,109,105,75,85,56,22,3100,309,1,160,0,0,1
390,chimchar,ordinary, iv,fire,None,44,58,44,58,44,61,5,62,146,0,102,0,0,0
391,monferno,ordinary, iv,fire,fighting,64,78,52,78,52,81,9,220,194,0,130,0,0,0
392,infernape,ordinary, iv,fire,fighting,76,104,71,104,71,108,12,550,251,1,175,0,0,1
393,piplup,ordinary, iv,water,None,53,51,53,61,56,40,4,52,157,0,117,0,0,0
394,prinplup,ordinary, iv,water,None,64,66,68,81,76,50,8,230,198,0,157,0,0,0
395,empoleon,ordinary, iv,water,steel,84,86,88,111,101,60,17,845,258,1,212,0,0,1
396,starly,ordinary, iv,normal,flying,40,55,30,30,30,60,3,20,125,0,60,0,0,0
397,staravia,ordinary, iv,normal,flying,55,75,50,40,40,80,6,155,180,0,80,0,0,0
398,staraptor,ordinary, iv,normal,flying,85,120,70,50,60,100,12,249,275,1,110,0,0,1
399,bidoof,ordinary, iv,normal,None,59,45,40,35,40,31,5,200,144,0,75,0,0,0
400,bibarel,ordinary, iv,normal,water,79,85,60,55,60,71,10,315,224,1,115,0,0,1
401,kricketot,ordinary, iv,bug,None,37,25,41,25,41,25,3,22,103,0,66,0,0,0
402,kricketune,ordinary, iv,bug,None,77,85,51,55,51,65,10,255,213,0,106,0,0,0
403,shinx,ordinary, iv,electric,None,45,65,34,40,34,45,5,95,144,0,74,0,0,0
404,luxio,ordinary, iv,electric,None,60,85,49,60,49,60,9,305,194,0,109,0,0,0
405,luxray,ordinary, iv,electric,None,80,120,79,95,79,70,14,420,279,1,174,0,0,1
406,budew,baby, iv,grass,poison,40,30,35,50,70,55,2,12,105,0,120,0,0,0
407,roserade,ordinary, iv,grass,poison,60,70,65,125,105,90,9,145,195,0,230,0,0,0
408,cranidos,ordinary, iv,rock,None,67,125,40,30,30,58,9,315,232,1,60,0,0,1
409,rampardos,ordinary, iv,rock,None,97,165,60,65,50,58,16,1025,322,1,115,0,0,1
410,shieldon,ordinary, iv,rock,steel,30,42,118,42,88,30,5,570,190,0,130,0,0,0
411,bastiodon,ordinary, iv,rock,steel,60,52,168,47,138,30,13,1495,280,1,185,0,0,1
412,burmy,ordinary, iv,bug,None,40,29,45,29,45,36,2,34,114,0,74,0,0,0
413,wormadam,ordinary, iv,bug,grass,60,59,85,79,105,36,5,65,204,0,184,0,0,0
414,mothim,ordinary, iv,bug,flying,70,94,50,94,50,66,9,233,214,0,144,0,0,0
415,combee,ordinary, iv,bug,flying,30,30,42,30,42,70,3,55,102,0,72,0,0,0
416,vespiquen,ordinary, iv,bug,flying,70,80,102,80,102,40,12,385,252,1,182,0,0,1
417,pachirisu,ordinary, iv,electric,None,60,45,70,45,90,95,4,39,175,0,135,0,0,0
418,buizel,ordinary, iv,water,None,55,65,35,60,30,85,7,295,155,0,90,0,0,0
419,floatzel,ordinary, iv,water,None,85,105,55,85,50,115,11,335,245,1,135,0,0,1
420,cherubi,ordinary, iv,grass,None,45,35,45,62,53,35,4,33,125,0,115,0,0,0
421,cherrim,ordinary, iv,grass,None,70,60,70,87,78,85,5,93,200,0,165,0,0,0
422,shellos,ordinary, iv,water,None,76,48,48,57,62,34,3,63,172,0,119,0,0,0
423,gastrodon,ordinary, iv,water,ground,111,83,68,92,82,39,9,299,262,1,174,0,0,1
424,ambipom,ordinary, iv,normal,None,75,100,66,60,66,115,12,203,241,1,126,0,0,1
425,drifloon,ordinary, iv,ghost,flying,90,50,34,60,44,70,4,12,174,0,104,0,0,0
426,drifblim,ordinary, iv,ghost,flying,150,80,44,90,54,80,12,150,274,1,144,0,0,1
427,buneary,ordinary, iv,normal,None,55,66,44,44,56,85,4,55,165,0,100,0,0,0
428,lopunny,ordinary, iv,normal,None,65,76,84,54,96,105,12,333,225,1,150,0,0,1
429,mismagius,ordinary, iv,ghost,None,60,60,60,105,105,105,9,44,180,0,210,0,0,0
430,honchkrow,ordinary, iv,dark,flying,100,125,52,105,52,71,9,273,277,1,157,0,0,1
431,glameow,ordinary, iv,normal,None,49,55,42,42,37,85,5,39,146,0,79,0,0,0
432,purugly,ordinary, iv,normal,None,71,82,64,64,59,112,10,438,217,0,123,0,0,0
433,chingling,baby, iv,psychic,None,45,30,50,65,50,45,2,6,125,0,115,0,0,0
434,stunky,ordinary, iv,poison,dark,63,63,47,41,41,74,4,192,173,0,82,0,0,0
435,skuntank,ordinary, iv,poison,dark,103,93,67,71,61,84,10,380,263,1,132,0,0,1
436,bronzor,ordinary, iv,steel,psychic,57,24,86,24,86,23,5,605,167,0,110,0,0,0
437,bronzong,ordinary, iv,steel,psychic,67,89,116,79,116,33,13,1870,272,1,195,0,0,1
438,bonsly,baby, iv,rock,None,50,80,95,10,45,10,5,150,225,1,55,0,0,1
439,mime-jr,baby, iv,psychic,fairy,20,25,45,70,90,60,6,130,90,0,160,0,0,0
440,happiny,baby, iv,normal,None,100,5,5,15,65,30,6,244,110,0,80,0,0,0
441,chatot,ordinary, iv,normal,flying,76,65,45,92,42,91,5,19,186,0,134,0,0,0
442,spiritomb,ordinary, iv,ghost,dark,50,92,108,92,108,35,10,1080,250,1,200,0,0,1
443,gible,ordinary, iv,dragon,ground,58,70,45,40,45,42,7,205,173,0,85,0,0,0
444,gabite,ordinary, iv,dragon,ground,68,90,65,50,55,82,14,560,223,1,105,0,0,1
445,garchomp,ordinary, iv,dragon,ground,108,130,95,80,85,102,19,950,333,1,165,0,0,1
446,munchlax,baby, iv,normal,None,135,85,40,40,85,5,6,1050,260,1,125,0,0,1
447,riolu,baby, iv,fighting,None,40,70,40,35,40,60,7,202,150,0,75,0,0,0
448,lucario,ordinary, iv,fighting,steel,70,110,70,115,70,90,12,540,250,1,185,0,0,1
449,hippopotas,ordinary, iv,ground,None,68,72,78,38,42,32,8,495,218,0,80,0,0,0
450,hippowdon,ordinary, iv,ground,None,108,112,118,68,72,47,20,3000,338,1,140,0,0,1
451,skorupi,ordinary, iv,poison,bug,40,50,90,30,55,65,8,120,180,0,85,0,0,0
452,drapion,ordinary, iv,poison,dark,70,90,110,60,75,95,13,615,270,1,135,0,0,1
453,croagunk,ordinary, iv,poison,fighting,48,61,40,61,40,50,7,230,149,0,101,0,0,0
454,toxicroak,ordinary, iv,poison,fighting,83,106,65,86,65,85,13,444,254,1,151,0,0,1
455,carnivine,ordinary, iv,grass,None,74,100,72,90,72,46,14,270,246,1,162,0,0,1
456,finneon,ordinary, iv,water,None,49,49,56,49,61,66,4,70,154,0,110,0,0,0
457,lumineon,ordinary, iv,water,None,69,69,76,69,86,91,12,240,214,0,155,0,0,0
458,mantyke,baby, iv,water,flying,45,20,50,60,120,50,10,650,115,0,180,0,0,0
459,snover,ordinary, iv,grass,ice,60,62,50,62,60,40,10,505,172,0,122,0,0,0
460,abomasnow,ordinary, iv,grass,ice,90,92,75,92,85,60,22,1355,257,1,177,0,0,1
461,weavile,ordinary, iv,dark,ice,70,120,65,45,85,125,11,340,255,1,130,0,0,1
462,magnezone,ordinary, iv,electric,steel,70,70,115,130,90,60,12,1800,255,1,220,0,0,1
463,lickilicky,ordinary, iv,normal,None,110,85,95,80,95,50,17,1400,290,1,175,0,0,1
464,rhyperior,ordinary, iv,ground,rock,115,140,130,55,55,40,24,2828,385,1,110,0,0,1
465,tangrowth,ordinary, iv,grass,None,100,100,125,110,50,50,20,1286,325,1,160,0,0,1
466,electivire,ordinary, iv,electric,None,75,123,67,95,85,95,18,1386,265,1,180,0,0,1
467,magmortar,ordinary, iv,fire,None,75,95,67,125,95,83,16,680,237,1,220,0,0,1
468,togekiss,ordinary, iv,fairy,flying,85,50,95,120,115,80,15,380,230,1,235,0,0,1
469,yanmega,ordinary, iv,bug,flying,86,76,86,116,56,95,19,515,248,1,172,0,0,1
470,leafeon,ordinary, iv,grass,None,65,110,130,60,65,95,10,255,305,1,125,0,0,1
471,glaceon,ordinary, iv,ice,None,65,60,110,130,95,65,8,259,235,1,225,0,0,1
472,gliscor,ordinary, iv,ground,flying,75,95,125,45,75,95,20,425,295,1,120,0,0,1
473,mamoswine,ordinary, iv,ice,ground,110,130,80,70,60,80,25,2910,320,1,130,0,0,1
474,porygon-z,ordinary, iv,normal,None,85,80,70,135,75,90,9,340,235,1,210,0,0,1
475,gallade,ordinary, iv,psychic,fighting,68,125,65,65,115,80,16,520,258,1,180,0,0,1
476,probopass,ordinary, iv,rock,steel,60,55,145,75,150,40,14,3400,260,1,225,0,0,1
477,dusknoir,ordinary, iv,ghost,None,45,100,135,65,135,45,22,1066,280,1,200,0,0,1
478,froslass,ordinary, iv,ice,ghost,70,80,70,80,70,110,13,266,220,1,150,0,0,1
479,rotom,ordinary, iv,electric,ghost,50,50,77,95,77,91,3,3,177,0,172,0,0,0
480,uxie,legendary, iv,psychic,None,75,75,130,75,130,95,3,3,280,1,205,0,1,1
481,mesprit,legendary, iv,psychic,None,80,105,105,105,105,80,3,3,290,1,210,0,1,1
482,azelf,legendary, iv,psychic,None,75,125,70,125,70,115,3,3,270,1,195,0,1,1
483,dialga,legendary, iv,steel,dragon,100,120,120,150,100,90,54,6830,340,1,250,1,1,1
484,palkia,legendary, iv,water,dragon,90,120,100,150,120,100,42,3360,310,1,270,1,1,1
485,heatran,legendary, iv,fire,steel,91,90,106,130,106,77,17,4300,287,1,236,0,1,1
486,regigigas,legendary, iv,normal,None,110,160,110,80,110,100,37,4200,380,1,190,0,1,1
487,giratina,legendary, iv,ghost,dragon,150,100,120,100,120,90,45,7500,370,1,220,0,1,1
488,cresselia,legendary, iv,psychic,None,120,70,110,75,120,85,15,856,300,1,195,0,1,1
489,phione,mythical, iv,water,None,80,80,80,80,80,80,4,31,240,1,160,0,1,1
490,manaphy,mythical, iv,water,None,100,100,100,100,100,100,3,14,300,1,200,0,1,1
491,darkrai,mythical, iv,dark,None,70,90,90,135,90,125,15,505,250,1,225,0,1,1
492,shaymin,mythical, iv,grass,None,100,100,100,100,100,100,2,21,300,1,200,0,1,1
493,arceus,mythical, iv,normal,None,120,120,120,120,120,120,32,3200,360,1,240,1,1,1
494,victini,mythical, v,psychic,fire,100,100,100,100,100,100,4,40,300,1,200,0,1,1
495,snivy,ordinary, v,grass,None,45,45,55,45,55,63,6,81,145,0,100,0,0,0
496,servine,ordinary, v,grass,None,60,60,75,60,75,83,8,160,195,0,135,0,0,0
497,serperior,ordinary, v,grass,None,75,75,95,75,95,113,33,630,245,1,170,0,0,1
498,tepig,ordinary, v,fire,None,65,63,45,45,45,45,5,99,173,0,90,0,0,0
499,pignite,ordinary, v,fire,fighting,90,93,55,70,55,55,10,555,238,1,125,0,0,1
500,emboar,ordinary, v,fire,fighting,110,123,65,100,65,65,16,1500,298,1,165,0,0,1
501,oshawott,ordinary, v,water,None,55,55,45,63,45,45,5,59,155,0,108,0,0,0
502,dewott,ordinary, v,water,None,75,75,60,83,60,60,8,245,210,0,143,0,0,0
503,samurott,ordinary, v,water,None,95,100,85,108,70,70,15,946,280,1,178,0,0,1
504,patrat,ordinary, v,normal,None,45,55,39,35,39,42,5,116,139,0,74,0,0,0
505,watchog,ordinary, v,normal,None,60,85,69,60,69,77,11,270,214,0,129,0,0,0
506,lillipup,ordinary, v,normal,None,45,60,45,25,45,55,4,41,150,0,70,0,0,0
507,herdier,ordinary, v,normal,None,65,80,65,35,65,60,9,147,210,0,100,0,0,0
508,stoutland,ordinary, v,normal,None,85,110,90,45,90,80,12,610,285,1,135,0,0,1
509,purrloin,ordinary, v,dark,None,41,50,37,50,37,66,4,101,128,0,87,0,0,0
510,liepard,ordinary, v,dark,None,64,88,50,88,50,106,11,375,202,0,138,0,0,0
511,pansage,ordinary, v,grass,None,50,53,48,53,48,64,6,105,151,0,101,0,0,0
512,simisage,ordinary, v,grass,None,75,98,63,98,63,101,11,305,236,1,161,0,0,1
513,pansear,ordinary, v,fire,None,50,53,48,53,48,64,6,110,151,0,101,0,0,0
514,simisear,ordinary, v,fire,None,75,98,63,98,63,101,10,280,236,1,161,0,0,1
515,panpour,ordinary, v,water,None,50,53,48,53,48,64,6,135,151,0,101,0,0,0
516,simipour,ordinary, v,water,None,75,98,63,98,63,101,10,290,236,1,161,0,0,1
517,munna,ordinary, v,psychic,None,76,25,45,67,55,24,6,233,146,0,122,0,0,0
518,musharna,ordinary, v,psychic,None,116,55,85,107,95,29,11,605,256,1,202,0,0,1
519,pidove,ordinary, v,normal,flying,50,55,50,36,30,43,3,21,155,0,66,0,0,0
520,tranquill,ordinary, v,normal,flying,62,77,62,50,42,65,6,150,201,0,92,0,0,0
521,unfezant,ordinary, v,normal,flying,80,115,80,65,55,93,12,290,275,1,120,0,0,1
522,blitzle,ordinary, v,electric,None,45,60,32,50,32,76,8,298,137,0,82,0,0,0
523,zebstrika,ordinary, v,electric,None,75,100,63,80,63,116,16,795,238,1,143,0,0,1
524,roggenrola,ordinary, v,rock,None,55,75,85,25,25,15,4,180,215,0,50,0,0,0
525,boldore,ordinary, v,rock,None,70,105,105,50,40,20,9,1020,280,1,90,0,0,1
526,gigalith,ordinary, v,rock,None,85,135,130,60,80,25,17,2600,350,1,140,0,0,1
527,woobat,ordinary, v,psychic,flying,65,45,43,55,43,72,4,21,153,0,98,0,0,0
528,swoobat,ordinary, v,psychic,flying,67,57,55,77,55,114,9,105,179,0,132,0,0,0
529,drilbur,ordinary, v,ground,None,60,85,40,30,45,68,3,85,185,0,75,0,0,0
530,excadrill,ordinary, v,ground,steel,110,135,60,50,65,88,7,404,305,1,115,0,0,1
531,audino,ordinary, v,normal,None,103,60,86,60,86,50,11,310,249,1,146,0,0,1
532,timburr,ordinary, v,fighting,None,75,80,55,25,35,35,6,125,210,0,60,0,0,0
533,gurdurr,ordinary, v,fighting,None,85,105,85,40,50,40,12,400,275,1,90,0,0,1
534,conkeldurr,ordinary, v,fighting,None,105,140,95,55,65,45,14,870,340,1,120,0,0,1
535,tympole,ordinary, v,water,None,50,50,40,50,40,64,5,45,140,0,90,0,0,0
536,palpitoad,ordinary, v,water,ground,75,65,55,65,55,69,8,170,195,0,120,0,0,0
537,seismitoad,ordinary, v,water,ground,105,95,75,85,75,74,15,620,275,1,160,0,0,1
538,throh,ordinary, v,fighting,None,120,100,85,30,85,45,13,555,305,1,115,0,0,1
539,sawk,ordinary, v,fighting,None,75,125,75,30,75,85,14,510,275,1,105,0,0,1
540,sewaddle,ordinary, v,bug,grass,45,53,70,40,60,42,3,25,168,0,100,0,0,0
541,swadloon,ordinary, v,bug,grass,55,63,90,50,80,42,5,73,208,0,130,0,0,0
542,leavanny,ordinary, v,bug,grass,75,103,80,70,80,92,12,205,258,1,150,0,0,1
543,venipede,ordinary, v,bug,poison,30,45,59,30,39,57,4,53,134,0,69,0,0,0
544,whirlipede,ordinary, v,bug,poison,40,55,99,40,79,47,12,585,194,0,119,0,0,0
545,scolipede,ordinary, v,bug,poison,60,100,89,55,69,112,25,2005,249,1,124,0,0,1
546,cottonee,ordinary, v,grass,fairy,40,27,60,37,50,66,3,6,127,0,87,0,0,0
547,whimsicott,ordinary, v,grass,fairy,60,67,85,77,75,116,7,66,212,0,152,0,0,0
548,petilil,ordinary, v,grass,None,45,35,50,70,50,30,5,66,130,0,120,0,0,0
549,lilligant,ordinary, v,grass,None,70,60,75,110,75,90,11,163,205,0,185,0,0,0
550,basculin,ordinary, v,water,None,70,92,65,80,55,98,10,180,227,1,135,0,0,1
551,sandile,ordinary, v,ground,dark,50,72,35,35,35,65,7,152,157,0,70,0,0,0
552,krokorok,ordinary, v,ground,dark,60,82,45,45,45,74,10,334,187,0,90,0,0,0
553,krookodile,ordinary, v,ground,dark,95,117,80,65,70,92,15,963,292,1,135,0,0,1
554,darumaka,ordinary, v,fire,None,70,90,45,15,45,50,6,375,205,0,60,0,0,0
555,darmanitan,ordinary, v,fire,None,105,140,55,30,55,95,13,929,300,1,85,0,0,1
556,maractus,ordinary, v,grass,None,75,86,67,106,67,60,10,280,228,1,173,0,0,1
557,dwebble,ordinary, v,bug,rock,50,65,85,35,35,55,3,145,200,0,70,0,0,0
558,crustle,ordinary, v,bug,rock,70,105,125,65,75,45,14,2000,300,1,140,0,0,1
559,scraggy,ordinary, v,dark,fighting,50,75,70,35,70,48,6,118,195,0,105,0,0,0
560,scrafty,ordinary, v,dark,fighting,65,90,115,45,115,58,11,300,270,1,160,0,0,1
561,sigilyph,ordinary, v,psychic,flying,72,58,80,103,80,97,14,140,210,0,183,0,0,0
562,yamask,ordinary, v,ghost,None,38,30,85,55,65,30,5,15,153,0,120,0,0,0
563,cofagrigus,ordinary, v,ghost,None,58,50,145,95,105,30,17,765,253,1,200,0,0,1
564,tirtouga,ordinary, v,water,rock,54,78,103,53,45,22,7,165,235,1,98,0,0,1
565,carracosta,ordinary, v,water,rock,74,108,133,83,65,32,12,810,315,1,148,0,0,1
566,archen,ordinary, v,rock,flying,55,112,45,74,45,70,5,95,212,0,119,0,0,0
567,archeops,ordinary, v,rock,flying,75,140,65,112,65,110,14,320,280,1,177,0,0,1
568,trubbish,ordinary, v,poison,None,50,50,62,40,62,65,6,310,162,0,102,0,0,0
569,garbodor,ordinary, v,poison,None,80,95,82,60,82,75,19,1073,257,1,142,0,0,1
570,zorua,ordinary, v,dark,None,40,65,40,80,40,65,7,125,145,0,120,0,0,0
571,zoroark,ordinary, v,dark,None,60,105,60,120,60,105,16,811,225,1,180,0,0,1
572,minccino,ordinary, v,normal,None,55,50,40,40,40,75,4,58,145,0,80,0,0,0
573,cinccino,ordinary, v,normal,None,75,95,60,65,60,115,5,75,230,1,125,0,0,1
574,gothita,ordinary, v,psychic,None,45,30,50,55,65,45,4,58,125,0,120,0,0,0
575,gothorita,ordinary, v,psychic,None,60,45,70,75,85,55,7,180,175,0,160,0,0,0
576,gothitelle,ordinary, v,psychic,None,70,55,95,95,110,65,15,440,220,1,205,0,0,1
577,solosis,ordinary, v,psychic,None,45,30,40,105,50,20,3,10,115,0,155,0,0,0
578,duosion,ordinary, v,psychic,None,65,40,50,125,60,30,6,80,155,0,185,0,0,0
579,reuniclus,ordinary, v,psychic,None,110,65,75,125,85,30,10,201,250,1,210,0,0,1
580,ducklett,ordinary, v,water,flying,62,44,50,44,50,55,5,55,156,0,94,0,0,0
581,swanna,ordinary, v,water,flying,75,87,63,87,63,98,13,242,225,1,150,0,0,1
582,vanillite,ordinary, v,ice,None,36,50,50,65,60,44,4,57,136,0,125,0,0,0
583,vanillish,ordinary, v,ice,None,51,65,65,80,75,59,11,410,181,0,155,0,0,0
584,vanilluxe,ordinary, v,ice,None,71,95,85,110,95,79,13,575,251,1,205,0,0,1
585,deerling,ordinary, v,normal,grass,60,60,50,40,50,75,6,195,170,0,90,0,0,0
586,sawsbuck,ordinary, v,normal,grass,80,100,70,60,70,95,19,925,250,1,130,0,0,1
587,emolga,ordinary, v,electric,flying,55,75,60,75,60,103,4,50,190,0,135,0,0,0
588,karrablast,ordinary, v,bug,None,50,75,45,40,45,60,5,59,170,0,85,0,0,0
589,escavalier,ordinary, v,bug,steel,70,135,105,60,105,20,10,330,310,1,165,0,0,1
590,foongus,ordinary, v,grass,poison,69,55,45,55,55,15,2,10,169,0,110,0,0,0
591,amoonguss,ordinary, v,grass,poison,114,85,70,85,80,30,6,105,269,1,165,0,0,1
592,frillish,ordinary, v,water,ghost,55,40,50,65,85,40,12,330,145,0,150,0,0,0
593,jellicent,ordinary, v,water,ghost,100,60,70,85,105,60,22,1350,230,1,190,0,0,1
594,alomomola,ordinary, v,water,None,165,75,80,40,45,65,12,316,320,1,85,0,0,1
595,joltik,ordinary, v,bug,electric,50,47,50,57,50,65,1,6,147,0,107,0,0,0
596,galvantula,ordinary, v,bug,electric,70,77,60,97,60,108,8,143,207,0,157,0,0,0
597,ferroseed,ordinary, v,grass,steel,44,50,91,24,86,10,6,188,185,0,110,0,0,0
598,ferrothorn,ordinary, v,grass,steel,74,94,131,54,116,20,10,1100,299,1,170,0,0,1
599,klink,ordinary, v,steel,None,40,55,70,45,60,30,3,210,165,0,105,0,0,0
600,klang,ordinary, v,steel,None,60,80,95,70,85,50,6,510,235,1,155,0,0,1
601,klinklang,ordinary, v,steel,None,60,100,115,70,85,90,6,810,275,1,155,0,0,1
602,tynamo,ordinary, v,electric,None,35,55,40,45,40,60,2,3,130,0,85,0,0,0
603,eelektrik,ordinary, v,electric,None,65,85,70,75,70,40,12,220,220,1,145,0,0,1
604,eelektross,ordinary, v,electric,None,85,115,80,105,80,50,21,805,280,1,185,0,0,1
605,elgyem,ordinary, v,psychic,None,55,55,55,85,55,30,5,90,165,0,140,0,0,0
606,beheeyem,ordinary, v,psychic,None,75,75,75,125,95,40,10,345,225,1,220,0,0,1
607,litwick,ordinary, v,ghost,fire,50,30,55,65,55,20,3,31,135,0,120,0,0,0
608,lampent,ordinary, v,ghost,fire,60,40,60,95,60,55,6,130,160,0,155,0,0,0
609,chandelure,ordinary, v,ghost,fire,60,55,90,145,90,80,10,343,205,0,235,0,0,0
610,axew,ordinary, v,dragon,None,46,87,60,30,40,57,6,180,193,0,70,0,0,0
611,fraxure,ordinary, v,dragon,None,66,117,70,40,50,67,10,360,253,1,90,0,0,1
612,haxorus,ordinary, v,dragon,None,76,147,90,60,70,97,18,1055,313,1,130,0,0,1
613,cubchoo,ordinary, v,ice,None,55,70,40,60,40,40,5,85,165,0,100,0,0,0
614,beartic,ordinary, v,ice,None,95,130,80,70,80,50,26,2600,305,1,150,0,0,1
615,cryogonal,ordinary, v,ice,None,80,50,50,95,135,105,11,1480,180,0,230,0,0,0
616,shelmet,ordinary, v,bug,None,50,40,85,40,65,25,4,77,175,0,105,0,0,0
617,accelgor,ordinary, v,bug,None,80,70,40,100,60,145,8,253,190,0,160,0,0,0
618,stunfisk,ordinary, v,ground,electric,109,66,84,81,99,32,7,110,259,1,180,0,0,1
619,mienfoo,ordinary, v,fighting,None,45,85,50,55,50,65,9,200,180,0,105,0,0,0
620,mienshao,ordinary, v,fighting,None,65,125,60,95,60,105,14,355,250,1,155,0,0,1
621,druddigon,ordinary, v,dragon,None,77,120,90,60,90,48,16,1390,287,1,150,0,0,1
622,golett,ordinary, v,ground,ghost,59,74,50,35,50,35,10,920,183,0,85,0,0,0
623,golurk,ordinary, v,ground,ghost,89,124,80,55,80,55,28,3300,293,1,135,0,0,1
624,pawniard,ordinary, v,dark,steel,45,85,70,40,40,60,5,102,200,0,80,0,0,0
625,bisharp,ordinary, v,dark,steel,65,125,100,60,70,70,16,700,290,1,130,0,0,1
626,bouffalant,ordinary, v,normal,None,95,110,95,40,95,55,16,946,300,1,135,0,0,1
627,rufflet,ordinary, v,normal,flying,70,83,50,37,50,60,5,105,203,0,87,0,0,0
628,braviary,ordinary, v,normal,flying,100,123,75,57,75,80,15,410,298,1,132,0,0,1
629,vullaby,ordinary, v,dark,flying,70,55,75,45,65,60,5,90,200,0,110,0,0,0
630,mandibuzz,ordinary, v,dark,flying,110,65,105,55,95,80,12,395,280,1,150,0,0,1
631,heatmor,ordinary, v,fire,None,85,97,66,105,66,65,14,580,248,1,171,0,0,1
632,durant,ordinary, v,bug,steel,58,109,112,48,48,109,3,330,279,1,96,0,0,1
633,deino,ordinary, v,dark,dragon,52,65,50,45,50,38,8,173,167,0,95,0,0,0
634,zweilous,ordinary, v,dark,dragon,72,85,70,65,70,58,14,500,227,1,135,0,0,1
635,hydreigon,ordinary, v,dark,dragon,92,105,90,125,90,98,18,1600,287,1,215,0,0,1
636,larvesta,ordinary, v,bug,fire,55,85,55,50,55,60,11,288,195,0,105,0,0,0
637,volcarona,ordinary, v,bug,fire,85,60,65,135,105,100,16,460,210,0,240,1,0,1
638,cobalion,legendary, v,steel,fighting,91,90,129,90,72,108,21,2500,310,1,162,0,1,1
639,terrakion,legendary, v,rock,fighting,91,129,90,72,90,108,19,2600,310,1,162,0,1,1
640,virizion,legendary, v,grass,fighting,91,90,72,90,129,108,20,2000,253,1,219,0,1,1
641,tornadus,legendary, v,flying,None,79,115,70,125,80,111,15,630,264,1,205,0,1,1
642,thundurus,legendary, v,electric,flying,79,115,70,125,80,111,15,610,264,1,205,0,1,1
643,reshiram,legendary, v,dragon,fire,100,120,100,150,120,90,32,3300,320,1,270,1,1,1
644,zekrom,legendary, v,dragon,electric,100,150,120,120,100,90,29,3450,370,1,220,0,1,1
645,landorus,legendary, v,ground,flying,89,125,90,115,80,101,15,680,304,1,195,0,1,1
646,kyurem,legendary, v,dragon,ice,125,130,90,130,90,95,30,3250,345,1,220,0,1,1
647,keldeo,mythical, v,water,fighting,91,72,90,129,90,108,14,485,253,1,219,0,1,1
648,meloetta,mythical, v,normal,psychic,100,77,77,128,128,90,6,65,254,1,256,1,1,1
649,genesect,mythical, v,bug,steel,71,120,95,120,95,99,15,825,286,1,215,0,1,1
650,chespin,ordinary, vi,grass,None,56,61,65,48,45,38,4,90,182,0,93,0,0,0
651,quilladin,ordinary, vi,grass,None,61,78,95,56,58,57,7,290,234,1,114,0,0,1
652,chesnaught,ordinary, vi,grass,fighting,88,107,122,74,75,64,16,900,317,1,149,0,0,1
653,fennekin,ordinary, vi,fire,None,40,45,40,62,60,60,4,94,125,0,122,0,0,0
654,braixen,ordinary, vi,fire,None,59,59,58,90,70,73,10,145,176,0,160,0,0,0
655,delphox,ordinary, vi,fire,psychic,75,69,72,114,100,104,15,390,216,0,214,0,0,0
656,froakie,ordinary, vi,water,None,41,56,40,62,44,71,3,70,137,0,106,0,0,0
657,frogadier,ordinary, vi,water,None,54,63,52,83,56,97,6,109,169,0,139,0,0,0
658,greninja,ordinary, vi,water,dark,72,95,67,103,71,122,15,400,234,1,174,0,0,1
659,bunnelby,ordinary, vi,normal,None,38,36,38,32,36,57,4,50,112,0,68,0,0,0
660,diggersby,ordinary, vi,normal,ground,85,56,77,50,77,78,10,424,218,0,127,0,0,0
661,fletchling,ordinary, vi,normal,flying,45,50,43,40,38,62,3,17,138,0,78,0,0,0
662,fletchinder,ordinary, vi,fire,flying,62,73,55,56,52,84,7,160,190,0,108,0,0,0
663,talonflame,ordinary, vi,fire,flying,78,81,71,74,69,126,12,245,230,1,143,0,0,1
664,scatterbug,ordinary, vi,bug,None,38,35,40,27,25,35,3,25,113,0,52,0,0,0
665,spewpa,ordinary, vi,bug,None,45,22,60,27,30,29,3,84,127,0,57,0,0,0
666,vivillon,ordinary, vi,bug,flying,80,52,50,90,50,89,12,170,182,0,140,0,0,0
667,litleo,ordinary, vi,fire,normal,62,50,58,73,54,72,6,135,170,0,127,0,0,0
668,pyroar,ordinary, vi,fire,normal,86,68,72,109,66,106,15,815,226,1,175,0,0,1
669,flabebe,ordinary, vi,fairy,None,44,38,39,61,79,42,1,1,121,0,140,0,0,0
670,floette,ordinary, vi,fairy,None,54,45,47,75,98,52,2,9,146,0,173,0,0,0
671,florges,ordinary, vi,fairy,None,78,65,68,112,154,75,11,100,211,0,266,1,0,1
672,skiddo,ordinary, vi,grass,None,66,65,48,62,57,52,9,310,179,0,119,0,0,0
673,gogoat,ordinary, vi,grass,None,123,100,62,97,81,68,17,910,285,1,178,0,0,1
674,pancham,ordinary, vi,fighting,None,67,82,62,46,48,43,6,80,211,0,94,0,0,0
675,pangoro,ordinary, vi,fighting,dark,95,124,78,69,71,58,21,1360,297,1,140,0,0,1
676,furfrou,ordinary, vi,normal,None,75,80,60,65,90,102,12,280,215,0,155,0,0,0
677,espurr,ordinary, vi,psychic,None,62,48,54,63,60,68,3,35,164,0,123,0,0,0
678,meowstic,ordinary, vi,psychic,None,74,48,76,83,81,104,6,85,198,0,164,0,0,0
679,honedge,ordinary, vi,steel,ghost,45,80,100,35,37,28,8,20,225,1,72,0,0,1
680,doublade,ordinary, vi,steel,ghost,59,110,150,45,49,35,8,45,319,1,94,0,0,1
681,aegislash,ordinary, vi,steel,ghost,60,50,140,50,140,60,17,530,250,1,190,0,0,1
682,spritzee,ordinary, vi,fairy,None,78,52,60,63,65,23,2,5,190,0,128,0,0,0
683,aromatisse,ordinary, vi,fairy,None,101,72,72,99,89,29,8,155,245,1,188,0,0,1
684,swirlix,ordinary, vi,fairy,None,62,48,66,59,57,49,4,35,176,0,116,0,0,0
685,slurpuff,ordinary, vi,fairy,None,82,80,86,85,75,72,8,50,248,1,160,0,0,1
686,inkay,ordinary, vi,dark,psychic,53,54,53,37,46,45,4,35,160,0,83,0,0,0
687,malamar,ordinary, vi,dark,psychic,86,92,88,68,75,73,15,470,266,1,143,0,0,1
688,binacle,ordinary, vi,rock,water,42,52,67,39,56,50,5,310,161,0,95,0,0,0
689,barbaracle,ordinary, vi,rock,water,72,105,115,54,86,68,13,960,292,1,140,0,0,1
690,skrelp,ordinary, vi,poison,water,50,60,60,60,60,30,5,73,170,0,120,0,0,0
691,dragalge,ordinary, vi,poison,dragon,65,75,90,97,123,44,18,815,230,1,220,0,0,1
692,clauncher,ordinary, vi,water,None,50,53,62,58,63,44,5,83,165,0,121,0,0,0
693,clawitzer,ordinary, vi,water,None,71,73,88,120,89,59,13,353,232,1,209,0,0,1
694,helioptile,ordinary, vi,electric,normal,44,38,33,61,43,70,5,60,115,0,104,0,0,0
695,heliolisk,ordinary, vi,electric,normal,62,55,52,109,94,109,10,210,169,0,203,0,0,0
696,tyrunt,ordinary, vi,rock,dragon,58,89,77,45,45,48,8,260,224,1,90,0,0,1
697,tyrantrum,ordinary, vi,rock,dragon,82,121,119,69,59,71,25,2700,322,1,128,0,0,1
698,amaura,ordinary, vi,rock,ice,77,59,50,67,63,46,13,252,186,0,130,0,0,0
699,aurorus,ordinary, vi,rock,ice,123,77,72,99,92,58,27,2250,272,1,191,0,0,1
700,sylveon,ordinary, vi,fairy,None,95,65,65,110,130,60,10,235,225,1,240,1,0,1
701,hawlucha,ordinary, vi,fighting,flying,78,92,75,74,63,118,8,215,245,1,137,0,0,1
702,dedenne,ordinary, vi,electric,fairy,67,58,57,81,67,101,2,22,182,0,148,0,0,0
703,carbink,ordinary, vi,rock,fairy,50,50,150,50,150,50,3,57,250,1,200,0,0,1
704,goomy,ordinary, vi,dragon,None,45,50,35,55,75,40,3,28,130,0,130,0,0,0
705,sliggoo,ordinary, vi,dragon,None,68,75,53,83,113,60,8,175,196,0,196,0,0,0
706,goodra,ordinary, vi,dragon,None,90,100,70,110,150,80,20,1505,260,1,260,1,0,1
707,klefki,ordinary, vi,steel,fairy,57,80,91,80,87,75,2,30,228,1,167,0,0,1
708,phantump,ordinary, vi,ghost,grass,43,70,48,50,60,38,4,70,161,0,110,0,0,0
709,trevenant,ordinary, vi,ghost,grass,85,110,76,65,82,56,15,710,271,1,147,0,0,1
710,pumpkaboo,ordinary, vi,ghost,grass,49,66,70,44,55,51,4,50,185,0,99,0,0,0
711,gourgeist,ordinary, vi,ghost,grass,65,90,122,58,75,84,9,125,277,1,133,0,0,1
712,bergmite,ordinary, vi,ice,None,55,69,85,32,35,28,10,995,209,0,67,0,0,0
713,avalugg,ordinary, vi,ice,None,95,117,184,44,46,28,20,5050,396,1,90,0,0,1
714,noibat,ordinary, vi,flying,dragon,40,30,35,45,40,55,5,80,105,0,85,0,0,0
715,noivern,ordinary, vi,flying,dragon,85,70,80,97,80,123,15,850,235,1,177,0,0,1
716,xerneas,legendary, vi,fairy,None,126,131,95,131,98,99,30,2150,352,1,229,0,1,1
717,yveltal,legendary, vi,dark,flying,126,131,95,131,98,99,58,2030,352,1,229,0,1,1
718,zygarde,legendary, vi,dragon,ground,108,100,121,81,95,95,50,3050,329,1,176,0,1,1
719,diancie,mythical, vi,rock,fairy,50,100,150,100,150,50,7,88,300,1,250,1,1,1
720,hoopa,mythical, vi,psychic,ghost,80,110,60,150,130,70,5,90,250,1,280,1,1,1
721,volcanion,mythical, vi,fire,water,80,110,120,130,90,70,17,1950,310,1,220,0,1,1
722,rowlet,ordinary, vii,grass,flying,68,55,55,50,50,42,3,15,178,0,100,0,0,0
723,dartrix,ordinary, vii,grass,flying,78,75,75,70,70,52,7,160,228,1,140,0,0,1
724,decidueye,ordinary, vii,grass,ghost,78,107,75,100,100,70,16,366,260,1,200,0,0,1
725,litten,ordinary, vii,fire,None,45,65,40,60,40,70,4,43,150,0,100,0,0,0
726,torracat,ordinary, vii,fire,None,65,85,50,80,50,90,7,250,200,0,130,0,0,0
727,incineroar,ordinary, vii,fire,dark,95,115,90,80,90,60,18,830,300,1,170,0,0,1
728,popplio,ordinary, vii,water,None,50,54,54,66,56,40,4,75,158,0,122,0,0,0
729,brionne,ordinary, vii,water,None,60,69,69,91,81,50,6,175,198,0,172,0,0,0
730,primarina,ordinary, vii,water,fairy,80,74,74,126,116,60,18,440,228,1,242,1,0,1
731,pikipek,ordinary, vii,normal,flying,35,75,30,30,30,65,3,12,140,0,60,0,0,0
732,trumbeak,ordinary, vii,normal,flying,55,85,50,40,50,75,6,148,190,0,90,0,0,0
733,toucannon,ordinary, vii,normal,flying,80,120,75,75,75,60,11,260,275,1,150,0,0,1
734,yungoos,ordinary, vii,normal,None,48,70,30,30,30,45,4,60,148,0,60,0,0,0
735,gumshoos,ordinary, vii,normal,None,88,110,60,55,60,45,7,142,258,1,115,0,0,1
736,grubbin,ordinary, vii,bug,None,47,62,45,55,45,46,4,44,154,0,100,0,0,0
737,charjabug,ordinary, vii,bug,electric,57,82,95,55,75,36,5,105,234,1,130,0,0,1
738,vikavolt,ordinary, vii,bug,electric,77,70,90,145,75,43,15,450,237,1,220,0,0,1
739,crabrawler,ordinary, vii,fighting,None,47,82,57,42,47,63,6,70,186,0,89,0,0,0
740,crabominable,ordinary, vii,fighting,ice,97,132,77,62,67,43,17,1800,306,1,129,0,0,1
741,oricorio,ordinary, vii,fire,flying,75,70,70,98,70,93,6,34,215,0,168,0,0,0
742,cutiefly,ordinary, vii,bug,fairy,40,45,40,55,40,84,1,2,125,0,95,0,0,0
743,ribombee,ordinary, vii,bug,fairy,60,55,60,95,70,124,2,5,175,0,165,0,0,0
744,rockruff,ordinary, vii,rock,None,45,65,40,30,40,60,5,92,150,0,70,0,0,0
745,lycanroc,ordinary, vii,rock,None,75,115,65,55,65,112,8,250,255,1,120,0,0,1
746,wishiwashi,ordinary, vii,water,None,45,20,20,25,25,40,2,3,85,0,50,0,0,0
747,mareanie,ordinary, vii,poison,water,50,53,62,43,52,45,4,80,165,0,95,0,0,0
748,toxapex,ordinary, vii,poison,water,50,63,152,53,142,35,7,145,265,1,195,0,0,1
749,mudbray,ordinary, vii,ground,None,70,100,70,45,55,45,10,1100,240,1,100,0,0,1
750,mudsdale,ordinary, vii,ground,None,100,125,100,55,85,35,25,9200,325,1,140,0,0,1
751,dewpider,ordinary, vii,water,bug,38,40,52,40,72,27,3,40,130,0,112,0,0,0
752,araquanid,ordinary, vii,water,bug,68,70,92,50,132,42,18,820,230,1,182,0,0,1
753,fomantis,ordinary, vii,grass,None,40,55,35,50,35,35,3,15,130,0,85,0,0,0
754,lurantis,ordinary, vii,grass,None,70,105,90,80,90,45,9,185,265,1,170,0,0,1
755,morelull,ordinary, vii,grass,fairy,40,35,55,65,75,15,2,15,130,0,140,0,0,0
756,shiinotic,ordinary, vii,grass,fairy,60,45,80,90,100,30,10,115,185,0,190,0,0,0
757,salandit,ordinary, vii,poison,fire,48,44,40,71,40,77,6,48,132,0,111,0,0,0
758,salazzle,ordinary, vii,poison,fire,68,64,60,111,60,117,12,222,192,0,171,0,0,0
759,stufful,ordinary, vii,normal,fighting,70,75,50,45,50,50,5,68,195,0,95,0,0,0
760,bewear,ordinary, vii,normal,fighting,120,125,80,55,60,60,21,1350,325,1,115,0,0,1
761,bounsweet,ordinary, vii,grass,None,42,30,38,30,38,32,3,32,110,0,68,0,0,0
762,steenee,ordinary, vii,grass,None,52,40,48,40,48,62,7,82,140,0,88,0,0,0
763,tsareena,ordinary, vii,grass,None,72,120,98,50,98,72,12,214,290,1,148,0,0,1
764,comfey,ordinary, vii,fairy,None,51,52,90,82,110,100,1,3,193,0,192,0,0,0
765,oranguru,ordinary, vii,normal,psychic,90,60,80,90,110,60,15,760,230,1,200,0,0,1
766,passimian,ordinary, vii,fighting,None,100,120,90,40,60,80,20,828,310,1,100,0,0,1
767,wimpod,ordinary, vii,bug,water,25,35,40,20,30,80,5,120,100,0,50,0,0,0
768,golisopod,ordinary, vii,bug,water,75,125,140,60,90,40,20,1080,340,1,150,0,0,1
769,sandygast,ordinary, vii,ghost,ground,55,55,80,70,45,15,5,700,190,0,115,0,0,0
770,palossand,ordinary, vii,ghost,ground,85,75,110,100,75,35,13,2500,270,1,175,0,0,1
771,pyukumuku,ordinary, vii,water,None,55,60,130,30,130,5,3,12,245,1,160,0,0,1
772,type-null,ordinary, vii,normal,None,95,95,95,95,95,59,19,1205,285,1,190,0,0,1
773,silvally,legendary, vii,normal,None,95,95,95,95,95,95,23,1005,285,1,190,0,1,1
774,minior,ordinary, vii,rock,flying,60,60,100,60,100,60,3,400,220,1,160,0,0,1
775,komala,ordinary, vii,normal,None,65,115,65,75,95,65,4,199,245,1,170,0,0,1
776,turtonator,ordinary, vii,fire,dragon,60,78,135,91,85,36,20,2120,273,1,176,0,0,1
777,togedemaru,ordinary, vii,electric,steel,65,98,63,40,73,96,3,33,226,1,113,0,0,1
778,mimikyu,ordinary, vii,ghost,fairy,55,90,80,50,105,96,2,7,225,1,155,0,0,1
779,bruxish,ordinary, vii,water,psychic,68,105,70,70,70,92,9,190,243,1,140,0,0,1
780,drampa,ordinary, vii,normal,dragon,78,60,85,135,91,36,30,1850,223,1,226,0,0,1
781,dhelmise,ordinary, vii,ghost,grass,70,131,100,86,90,40,39,2100,301,1,176,0,0,1
782,jangmo-o,ordinary, vii,dragon,None,45,55,65,45,45,45,6,297,165,0,90,0,0,0
783,hakamo-o,ordinary, vii,dragon,fighting,55,75,90,65,70,65,12,470,220,1,135,0,0,1
784,kommo-o,ordinary, vii,dragon,fighting,75,110,125,100,105,85,16,782,310,1,205,0,0,1
785,tapu-koko,legendary, vii,electric,fairy,70,115,85,95,75,130,18,205,270,1,170,0,1,1
786,tapu-lele,legendary, vii,psychic,fairy,70,85,75,130,115,95,12,186,230,1,245,1,1,1
787,tapu-bulu,legendary, vii,grass,fairy,70,130,115,85,95,75,19,455,315,1,180,0,1,1
788,tapu-fini,legendary, vii,water,fairy,70,75,115,95,130,85,13,212,260,1,225,0,1,1
789,cosmog,legendary, vii,psychic,None,43,29,31,29,31,37,2,1,103,0,60,0,1,1
790,cosmoem,legendary, vii,psychic,None,43,29,131,29,131,37,1,9999,203,0,160,0,1,1
791,solgaleo,legendary, vii,psychic,steel,137,137,107,113,89,97,34,2300,381,1,202,0,1,1
792,lunala,legendary, vii,psychic,ghost,137,113,89,137,107,97,40,1200,339,1,244,1,1,1
793,nihilego,ordinary, vii,rock,poison,109,53,47,127,131,103,12,555,209,0,258,1,0,1
794,buzzwole,ordinary, vii,bug,fighting,107,139,139,53,53,79,24,3336,385,1,106,0,0,1
795,pheromosa,ordinary, vii,bug,fighting,71,137,37,137,37,151,18,250,245,1,174,0,0,1
796,xurkitree,ordinary, vii,electric,None,83,89,71,173,71,83,38,1000,243,1,244,1,0,1
797,celesteela,ordinary, vii,steel,flying,97,101,103,107,101,61,92,9999,301,1,208,0,0,1
798,kartana,ordinary, vii,grass,steel,59,181,131,59,31,109,3,1,371,1,90,0,0,1
799,guzzlord,ordinary, vii,dark,dragon,223,101,53,97,53,43,55,8880,377,1,150,0,0,1
800,necrozma,legendary, vii,psychic,None,97,107,101,127,89,79,24,2300,305,1,216,0,1,1
801,magearna,mythical, vii,steel,fairy,80,95,115,130,115,65,10,805,290,1,245,1,1,1
802,marshadow,mythical, vii,fighting,ghost,90,125,80,90,90,125,7,222,295,1,180,0,1,1
803,poipole,ordinary, vii,poison,None,67,73,67,73,67,73,6,18,207,0,140,0,0,0
804,naganadel,ordinary, vii,poison,dragon,73,73,73,127,73,121,36,1500,219,0,200,0,0,0
805,stakataka,ordinary, vii,rock,steel,61,131,211,53,101,13,55,8200,403,1,154,0,0,1
806,blacephalon,ordinary, vii,fire,ghost,53,127,53,151,79,107,18,130,233,1,230,0,0,1
807,zeraora,mythical, vii,electric,None,88,112,75,102,80,143,15,445,275,1,182,0,1,1
808,meltan,mythical, vii,steel,None,46,65,65,55,35,34,2,80,176,0,90,0,1,1
809,melmetal,mythical, vii,steel,None,135,143,143,80,65,34,25,8000,421,1,145,0,1,1
810,grookey,ordinary, viii,grass,None,50,65,50,40,40,65,3,50,165,0,80,0,0,0
811,thwackey,ordinary, viii,grass,None,70,85,70,55,60,80,7,140,225,1,115,0,0,1
812,rillaboom,ordinary, viii,grass,None,100,125,90,60,70,85,21,900,315,1,130,0,0,1
813,scorbunny,ordinary, viii,fire,None,50,71,40,40,40,69,3,45,161,0,80,0,0,0
814,raboot,ordinary, viii,fire,None,65,86,60,55,60,94,6,90,211,0,115,0,0,0
815,cinderace,ordinary, viii,fire,None,80,116,75,65,75,119,14,330,271,1,140,0,0,1
816,sobble,ordinary, viii,water,None,50,40,40,70,40,70,3,40,130,0,110,0,0,0
817,drizzile,ordinary, viii,water,None,65,60,55,95,55,90,7,115,180,0,150,0,0,0
818,inteleon,ordinary, viii,water,None,70,85,65,125,65,120,19,452,220,1,190,0,0,1
819,skwovet,ordinary, viii,normal,None,70,55,55,35,35,25,3,25,180,0,70,0,0,0
820,greedent,ordinary, viii,normal,None,120,95,95,55,75,20,6,60,310,1,130,0,0,1
821,rookidee,ordinary, viii,flying,None,38,47,35,33,35,57,2,18,120,0,68,0,0,0
822,corvisquire,ordinary, viii,flying,None,68,67,55,43,55,77,8,160,190,0,98,0,0,0
823,corviknight,ordinary, viii,flying,steel,98,87,105,53,85,67,22,750,290,1,138,0,0,1
824,blipbug,ordinary, viii,bug,None,25,20,20,25,45,45,4,80,65,0,70,0,0,0
825,dottler,ordinary, viii,bug,psychic,50,35,80,50,90,30,4,195,165,0,140,0,0,0
826,orbeetle,ordinary, viii,bug,psychic,60,45,110,80,120,90,4,408,215,0,200,0,0,0
827,nickit,ordinary, viii,dark,None,40,28,28,47,52,50,6,89,96,0,99,0,0,0
828,thievul,ordinary, viii,dark,None,70,58,58,87,92,90,12,199,186,0,179,0,0,0
829,gossifleur,ordinary, viii,grass,None,40,40,60,40,60,10,4,22,140,0,100,0,0,0
830,eldegoss,ordinary, viii,grass,None,60,50,90,80,120,60,5,25,200,0,200,0,0,0
831,wooloo,ordinary, viii,normal,None,42,40,55,40,45,48,6,60,137,0,85,0,0,0
832,dubwool,ordinary, viii,normal,None,72,80,100,60,90,88,13,430,252,1,150,0,0,1
833,chewtle,ordinary, viii,water,None,50,64,50,38,38,44,3,85,164,0,76,0,0,0
834,drednaw,ordinary, viii,water,rock,90,115,90,48,68,74,10,1155,295,1,116,0,0,1
835,yamper,ordinary, viii,electric,None,59,45,50,40,50,26,3,135,154,0,90,0,0,0
836,boltund,ordinary, viii,electric,None,69,90,60,90,60,121,10,340,219,0,150,0,0,0
837,rolycoly,ordinary, viii,rock,None,30,40,50,40,50,30,3,120,120,0,90,0,0,0
838,carkol,ordinary, viii,rock,fire,80,60,90,60,70,50,11,780,230,1,130,0,0,1
839,coalossal,ordinary, viii,rock,fire,110,80,120,80,90,30,28,3105,310,1,170,0,0,1
840,applin,ordinary, viii,grass,dragon,40,40,80,40,40,20,2,5,160,0,80,0,0,0
841,flapple,ordinary, viii,grass,dragon,70,110,80,95,60,70,3,10,260,1,155,0,0,1
842,appletun,ordinary, viii,grass,dragon,110,85,80,100,80,30,4,130,275,1,180,0,0,1
843,silicobra,ordinary, viii,ground,None,52,57,75,35,50,46,22,76,184,0,85,0,0,0
844,sandaconda,ordinary, viii,ground,None,72,107,125,65,70,71,38,655,304,1,135,0,0,1
845,cramorant,ordinary, viii,flying,water,70,85,55,85,95,85,8,180,210,0,180,0,0,0
846,arrokuda,ordinary, viii,water,None,41,63,40,40,30,66,5,10,144,0,70,0,0,0
847,barraskewda,ordinary, viii,water,None,61,123,60,60,50,136,13,300,244,1,110,0,0,1
848,toxel,baby, viii,electric,poison,40,38,35,54,35,40,4,110,113,0,89,0,0,0
849,toxtricity,ordinary, viii,electric,poison,75,98,70,114,70,75,16,400,243,1,184,0,0,1
850,sizzlipede,ordinary, viii,fire,bug,50,65,45,50,50,45,7,10,160,0,100,0,0,0
851,centiskorch,ordinary, viii,fire,bug,100,115,65,90,90,65,30,1200,280,1,180,0,0,1
852,clobbopus,ordinary, viii,fighting,None,50,68,60,50,50,32,6,40,178,0,100,0,0,0
853,grapploct,ordinary, viii,fighting,None,80,118,90,70,80,42,16,390,288,1,150,0,0,1
854,sinistea,ordinary, viii,ghost,None,40,45,45,74,54,50,1,2,130,0,128,0,0,0
855,polteageist,ordinary, viii,ghost,None,60,65,65,134,114,70,2,4,190,0,248,1,0,1
856,hatenna,ordinary, viii,psychic,None,42,30,45,56,53,39,4,34,117,0,109,0,0,0
857,hattrem,ordinary, viii,psychic,None,57,40,65,86,73,49,6,48,162,0,159,0,0,0
858,hatterene,ordinary, viii,psychic,fairy,57,90,95,136,103,29,21,51,242,1,239,0,0,1
859,impidimp,ordinary, viii,dark,fairy,45,45,30,55,40,50,4,55,120,0,95,0,0,0
860,morgrem,ordinary, viii,dark,fairy,65,60,45,75,55,70,8,125,170,0,130,0,0,0
861,grimmsnarl,ordinary, viii,dark,fairy,95,120,65,95,75,60,15,610,280,1,170,0,0,1
862,obstagoon,ordinary, viii,dark,normal,93,90,101,60,81,95,16,460,284,1,141,0,0,1
863,perrserker,ordinary, viii,steel,None,70,110,100,50,60,50,8,280,280,1,110,0,0,1
864,cursola,ordinary, viii,ghost,None,60,95,50,145,130,30,10,4,205,0,275,1,0,1
865,sirfetchd,ordinary, viii,fighting,None,62,135,95,68,82,65,8,1170,292,1,150,0,0,1
866,mr-rime,ordinary, viii,ice,psychic,80,85,75,110,100,70,15,582,240,1,210,0,0,1
867,runerigus,ordinary, viii,ground,ghost,58,95,145,50,105,30,16,666,298,1,155,0,0,1
868,milcery,ordinary, viii,fairy,None,45,40,40,50,61,34,2,3,125,0,111,0,0,0
869,alcremie,ordinary, viii,fairy,None,65,60,75,110,121,64,3,5,200,0,231,0,0,0
870,falinks,ordinary, viii,fighting,None,65,100,100,70,60,75,30,620,265,1,130,0,0,1
871,pincurchin,ordinary, viii,electric,None,48,101,95,91,85,15,3,10,244,1,176,0,0,1
872,snom,ordinary, viii,ice,bug,30,25,35,45,30,20,3,38,90,0,75,0,0,0
873,frosmoth,ordinary, viii,ice,bug,70,65,60,125,90,65,13,420,195,0,215,0,0,0
874,stonjourner,ordinary, viii,rock,None,100,125,135,20,20,70,25,5200,360,1,40,0,0,1
875,eiscue,ordinary, viii,ice,None,75,80,110,65,90,50,14,890,265,1,155,0,0,1
876,indeedee,ordinary, viii,psychic,normal,60,65,55,105,95,95,9,280,180,0,200,0,0,0
877,morpeko,ordinary, viii,electric,dark,58,95,58,70,58,97,3,30,211,0,128,0,0,0
878,cufant,ordinary, viii,steel,None,72,80,49,40,49,40,12,1000,201,0,89,0,0,0
879,copperajah,ordinary, viii,steel,None,122,130,69,80,69,30,30,6500,321,1,149,0,0,1
880,dracozolt,ordinary, viii,electric,dragon,90,100,90,80,70,75,18,1900,280,1,150,0,0,1
881,arctozolt,ordinary, viii,electric,ice,90,100,90,90,80,55,23,1500,280,1,170,0,0,1
882,dracovish,ordinary, viii,water,dragon,90,90,100,70,80,75,23,2150,280,1,150,0,0,1
883,arctovish,ordinary, viii,water,ice,90,90,100,80,90,55,20,1750,280,1,170,0,0,1
884,duraludon,ordinary, viii,steel,dragon,70,95,115,120,50,85,18,400,280,1,170,0,0,1
885,dreepy,ordinary, viii,dragon,ghost,28,60,30,40,30,82,5,20,118,0,70,0,0,0
886,drakloak,ordinary, viii,dragon,ghost,68,80,50,60,50,102,14,110,198,0,110,0,0,0
887,dragapult,ordinary, viii,dragon,ghost,88,120,75,100,75,142,30,500,283,1,175,0,0,1
888,zacian,legendary, viii,fairy,None,92,120,115,80,115,138,28,1100,327,1,195,0,1,1
889,zamazenta,legendary, viii,fighting,None,92,120,115,80,115,138,29,2100,327,1,195,0,1,1
890,eternatus,legendary, viii,poison,dragon,140,85,95,145,95,130,200,9500,320,1,240,1,1,1
891,kubfu,legendary, viii,fighting,None,60,90,60,53,50,72,6,120,210,0,103,0,1,1
892,urshifu,legendary, viii,fighting,dark,100,130,100,63,60,97,19,1050,330,1,123,0,1,1
893,zarude,mythical, viii,dark,grass,105,120,105,70,95,105,18,700,330,1,165,0,1,1
894,regieleki,legendary, viii,electric,None,80,100,50,100,50,200,12,1450,230,1,150,0,1,1
895,regidrago,legendary, viii,dragon,None,200,100,50,100,50,80,21,2000,350,1,150,0,1,1
896,glastrier,legendary, viii,ice,None,100,145,130,65,110,30,22,8000,375,1,175,0,1,1
897,spectrier,legendary, viii,ghost,None,100,65,60,145,80,130,20,445,225,1,225,0,1,1
898,calyrex,legendary, viii,psychic,grass,100,80,80,80,80,80,11,77,260,1,160,0,1,1
899,wyrdeer,ordinary, viii,normal,psychic,103,105,72,105,75,65,18,951,280,1,180,0,0,1
900,kleavor,ordinary, viii,bug,rock,70,135,95,45,70,85,18,890,300,1,115,0,0,1
901,ursaluna,ordinary, viii,ground,normal,130,140,105,45,80,50,24,2900,375,1,125,0,0,1
902,basculegion,ordinary, viii,water,ghost,120,112,65,80,75,78,30,1100,297,1,155,0,0,1
903,sneasler,ordinary, viii,fighting,poison,80,130,60,40,80,120,13,430,270,1,120,0,0,1
904,overqwil,ordinary, viii,dark,poison,85,115,95,65,65,85,25,605,295,1,130,0,0,1
905,enamorus,legendary, viii,fairy,flying,74,115,70,135,80,106,16,480,259,1,215,0,1,1
906,sprigatito,ordinary, ix,grass,None,40,61,54,45,45,65,4,41,155,0,90,0,0,0
907,floragato,ordinary, ix,grass,None,61,80,63,60,63,83,9,122,204,0,123,0,0,0
908,meowscarada,ordinary, ix,grass,dark,76,110,70,81,70,123,15,312,256,1,151,0,0,1
909,fuecoco,ordinary, ix,fire,None,67,45,59,63,40,36,4,98,171,0,103,0,0,0
910,crocalor,ordinary, ix,fire,None,81,55,78,90,58,49,10,307,214,0,148,0,0,0
911,skeledirge,ordinary, ix,fire,ghost,104,75,100,110,75,66,16,3265,279,1,185,0,0,1
912,quaxly,ordinary, ix,water,None,55,65,45,50,45,50,5,61,165,0,95,0,0,0
913,quaxwell,ordinary, ix,water,None,70,85,65,65,60,65,12,215,220,1,125,0,0,1
914,quaquaval,ordinary, ix,water,fighting,85,120,80,85,75,85,18,619,285,1,160,0,0,1
915,lechonk,ordinary, ix,normal,None,54,45,40,35,45,35,5,102,139,0,80,0,0,0
916,oinkologne,ordinary, ix,normal,None,110,100,75,59,80,65,10,1200,285,1,139,0,0,1
917,tarountula,ordinary, ix,bug,None,35,41,45,29,40,20,3,40,121,0,69,0,0,0
918,spidops,ordinary, ix,bug,None,60,79,92,52,86,35,10,165,231,1,138,0,0,1
919,nymble,ordinary, ix,bug,None,33,46,40,21,25,45,2,10,119,0,46,0,0,0
920,lokix,ordinary, ix,bug,dark,71,102,78,52,55,92,10,175,251,1,107,0,0,1
921,pawmi,ordinary, ix,electric,None,45,50,20,40,25,60,3,25,115,0,65,0,0,0
922,pawmo,ordinary, ix,electric,fighting,60,75,40,50,40,85,4,65,175,0,90,0,0,0
923,pawmot,ordinary, ix,electric,fighting,70,115,70,70,60,105,9,410,255,1,130,0,0,1
924,tandemaus,ordinary, ix,normal,None,50,50,45,40,45,75,3,18,145,0,85,0,0,0
925,maushold,ordinary, ix,normal,None,74,75,70,65,75,111,3,23,219,0,140,0,0,0
926,fidough,ordinary, ix,fairy,None,37,55,70,30,55,65,3,109,162,0,85,0,0,0
927,dachsbun,ordinary, ix,fairy,None,57,80,115,50,80,95,5,149,252,1,130,0,0,1
928,smoliv,ordinary, ix,grass,normal,41,35,45,58,51,30,3,65,121,0,109,0,0,0
929,dolliv,ordinary, ix,grass,normal,52,53,60,78,78,33,6,119,165,0,156,0,0,0
930,arboliva,ordinary, ix,grass,normal,78,69,90,125,109,39,14,482,237,1,234,0,0,1
931,squawkabilly,ordinary, ix,normal,flying,82,96,51,45,51,92,6,24,229,1,96,0,0,1
932,nacli,ordinary, ix,rock,None,55,55,75,35,35,25,4,160,185,0,70,0,0,0
933,naclstack,ordinary, ix,rock,None,60,60,100,35,65,35,6,1050,220,1,100,0,0,1
934,garganacl,ordinary, ix,rock,None,100,100,130,45,90,35,23,2400,330,1,135,0,0,1
935,charcadet,ordinary, ix,fire,None,40,50,40,50,40,35,6,105,130,0,90,0,0,0
936,armarouge,ordinary, ix,fire,psychic,85,60,100,125,80,75,15,850,245,1,205,0,0,1
937,ceruledge,ordinary, ix,fire,ghost,75,125,80,60,100,85,16,620,280,1,160,0,0,1
938,tadbulb,ordinary, ix,electric,None,61,31,41,59,35,45,3,4,133,0,94,0,0,0
939,bellibolt,ordinary, ix,electric,None,109,64,91,103,83,45,12,1130,264,1,186,0,0,1
940,wattrel,ordinary, ix,electric,flying,40,40,35,55,40,70,4,36,115,0,95,0,0,0
941,kilowattrel,ordinary, ix,electric,flying,70,70,60,105,60,125,14,386,200,0,165,0,0,0
942,maschiff,ordinary, ix,dark,None,60,78,60,40,51,51,5,160,198,0,91,0,0,0
943,mabosstiff,ordinary, ix,dark,None,80,120,90,60,70,85,11,610,290,1,130,0,0,1
944,shroodle,ordinary, ix,poison,normal,40,65,35,40,35,75,2,7,140,0,75,0,0,0
945,grafaiai,ordinary, ix,poison,normal,63,95,65,80,72,110,7,272,223,1,152,0,0,1
946,bramblin,ordinary, ix,grass,ghost,40,65,30,45,35,60,6,6,135,0,80,0,0,0
947,brambleghast,ordinary, ix,grass,ghost,55,115,70,80,70,90,12,60,240,1,150,0,0,1
948,toedscool,ordinary, ix,ground,grass,40,40,35,50,100,70,9,330,115,0,150,0,0,0
949,toedscruel,ordinary, ix,ground,grass,80,70,65,80,120,100,19,580,215,0,200,0,0,0
950,klawf,ordinary, ix,rock,None,70,100,115,35,55,75,13,790,285,1,90,0,0,1
951,capsakid,ordinary, ix,grass,None,50,62,40,62,40,50,3,30,152,0,102,0,0,0
952,scovillain,ordinary, ix,grass,fire,65,108,65,108,65,75,9,150,238,1,173,0,0,1
953,rellor,ordinary, ix,bug,None,41,50,60,31,58,30,2,10,151,0,89,0,0,0
954,rabsca,ordinary, ix,bug,psychic,75,50,85,115,100,45,3,35,210,0,215,0,0,0
955,flittle,ordinary, ix,psychic,None,30,35,30,55,30,75,2,15,95,0,85,0,0,0
956,espathra,ordinary, ix,psychic,None,95,60,60,101,60,105,19,900,215,0,161,0,0,0
957,tinkatink,ordinary, ix,fairy,steel,50,45,45,35,64,58,4,89,140,0,99,0,0,0
958,tinkatuff,ordinary, ix,fairy,steel,65,55,55,45,82,78,7,591,175,0,127,0,0,0
959,tinkaton,ordinary, ix,fairy,steel,85,75,77,70,105,94,7,1128,237,1,175,0,0,1
960,wiglett,ordinary, ix,water,None,10,55,25,35,25,95,12,18,90,0,60,0,0,0
961,wugtrio,ordinary, ix,water,None,35,100,50,50,70,120,12,54,185,0,120,0,0,0
962,bombirdier,ordinary, ix,flying,dark,70,103,85,60,85,82,15,429,258,1,145,0,0,1
963,finizen,ordinary, ix,water,None,70,45,40,45,40,75,13,602,155,0,85,0,0,0
964,palafin,ordinary, ix,water,None,100,70,72,53,62,100,13,602,242,1,115,0,0,1
965,varoom,ordinary, ix,steel,poison,45,70,63,30,45,47,10,350,178,0,75,0,0,0
966,revavroom,ordinary, ix,steel,poison,80,119,90,54,67,90,18,1200,289,1,121,0,0,1
967,cyclizar,ordinary, ix,dragon,normal,70,95,65,85,65,121,16,630,230,1,150,0,0,1
968,orthworm,ordinary, ix,steel,None,70,85,145,60,55,65,25,3100,300,1,115,0,0,1
969,glimmet,ordinary, ix,rock,poison,48,35,42,105,60,60,7,80,125,0,165,0,0,0
970,glimmora,ordinary, ix,rock,poison,83,55,90,130,81,86,15,450,228,1,211,0,0,1
971,greavard,ordinary, ix,ghost,None,50,61,60,30,55,34,6,350,171,0,85,0,0,0
972,houndstone,ordinary, ix,ghost,None,72,101,100,50,97,68,20,150,273,1,147,0,0,1
973,flamigo,ordinary, ix,flying,fighting,82,115,74,75,64,90,16,370,271,1,139,0,0,1
974,cetoddle,ordinary, ix,ice,None,108,68,45,30,40,43,12,450,221,1,70,0,0,1
975,cetitan,ordinary, ix,ice,None,170,113,65,45,55,73,45,7000,348,1,100,0,0,1
976,veluza,ordinary, ix,water,psychic,90,102,73,78,65,70,25,900,265,1,143,0,0,1
977,dondozo,ordinary, ix,water,None,150,100,115,65,65,35,120,2200,365,1,130,0,0,1
978,tatsugiri,ordinary, ix,dragon,water,68,50,60,120,95,82,3,80,178,0,215,0,0,0
979,annihilape,ordinary, ix,fighting,ghost,110,115,80,50,90,90,12,560,305,1,140,0,0,1
980,clodsire,ordinary, ix,poison,ground,130,75,60,45,100,20,18,2230,265,1,145,0,0,1
981,farigiraf,ordinary, ix,normal,psychic,120,90,70,110,70,60,32,1600,280,1,180,0,0,1
982,dudunsparce,ordinary, ix,normal,None,125,100,80,85,75,55,36,392,305,1,160,0,0,1
983,kingambit,ordinary, ix,dark,steel,100,135,120,60,85,50,20,1200,355,1,145,0,0,1
984,great-tusk,ordinary, ix,ground,fighting,115,131,131,53,53,87,22,3200,377,1,106,0,0,1
985,scream-tail,ordinary, ix,fairy,psychic,115,65,99,65,115,111,12,80,279,1,180,0,0,1
986,brute-bonnet,ordinary, ix,grass,dark,111,127,99,79,99,55,12,210,337,1,178,0,0,1
987,flutter-mane,ordinary, ix,ghost,fairy,55,55,55,135,135,135,14,40,165,0,270,1,0,1
988,slither-wing,ordinary, ix,bug,fighting,85,135,79,85,105,81,32,920,299,1,190,0,0,1
989,sandy-shocks,ordinary, ix,electric,ground,85,81,97,121,85,101,23,600,263,1,206,0,0,1
990,iron-treads,ordinary, ix,ground,steel,90,112,120,72,70,106,9,2400,322,1,142,0,0,1
991,iron-bundle,ordinary, ix,ice,water,56,80,114,124,60,136,6,110,250,1,184,0,0,1
992,iron-hands,ordinary, ix,fighting,electric,154,140,108,50,68,50,18,3807,402,1,118,0,0,1
993,iron-jugulis,ordinary, ix,dark,flying,94,80,86,122,80,108,13,1110,260,1,202,0,0,1
994,iron-moth,ordinary, ix,fire,poison,80,70,60,140,110,110,12,360,210,0,250,1,0,1
995,iron-thorns,ordinary, ix,rock,electric,100,134,110,70,84,72,16,3030,344,1,154,0,0,1
996,frigibax,ordinary, ix,dragon,ice,65,75,45,35,45,55,5,170,185,0,80,0,0,0
997,arctibax,ordinary, ix,dragon,ice,90,95,66,45,65,62,8,300,251,1,110,0,0,1
998,baxcalibur,ordinary, ix,dragon,ice,115,145,92,75,86,87,21,2100,352,1,161,0,0,1
999,gimmighoul,ordinary, ix,ghost,None,45,30,70,75,70,10,3,50,145,0,145,0,0,0
1000,gholdengo,ordinary, ix,steel,ghost,87,60,95,133,91,84,12,300,242,1,224,0,0,1
1001,wo-chien,legendary, ix,dark,grass,85,85,100,95,135,70,15,742,270,1,230,0,1,1
1002,chien-pao,legendary, ix,dark,ice,80,120,80,90,65,135,19,1522,280,1,155,0,1,1
1003,ting-lu,legendary, ix,dark,ground,155,110,125,55,80,45,27,6997,390,1,135,0,1,1
1004,chi-yu,legendary, ix,dark,fire,55,80,80,135,120,100,4,49,215,0,255,1,1,1
1005,roaring-moon,ordinary, ix,dragon,dark,105,139,71,55,101,119,20,3800,315,1,156,0,0,1
1006,iron-valiant,ordinary, ix,fairy,fighting,74,130,90,120,60,116,14,350,294,1,180,0,0,1
1007,koraidon,legendary, ix,fighting,dragon,100,135,115,85,100,135,25,3030,350,1,185,0,1,1
1008,miraidon,legendary, ix,electric,dragon,100,85,100,135,115,135,35,2400,285,1,250,1,1,1
1009,walking-wake,ordinary, ix,water,dragon,99,83,91,125,83,109,35,2800,273,1,208,0,0,1
1010,iron-leaves,ordinary, ix,grass,psychic,90,130,88,70,108,104,15,1250,308,1,178,0,0,1
1011,dipplin,ordinary, ix,grass,dragon,80,80,110,95,80,40,4,97,270,1,175,0,0,1
1012,poltchageist,ordinary, ix,grass,ghost,40,45,45,74,54,50,1,11,130,0,128,0,0,0
1013,sinistcha,ordinary, ix,grass,ghost,71,60,106,121,80,70,2,22,237,1,201,0,0,1
1014,okidogi,legendary, ix,poison,fighting,88,128,115,58,86,80,18,922,331,1,144,0,1,1
1015,munkidori,legendary, ix,poison,psychic,88,75,66,130,90,106,10,122,229,1,220,0,1,1
1016,fezandipiti,legendary, ix,poison,fairy,88,91,82,70,125,99,14,301,261,1,195,0,1,1
1017,ogerpon,legendary, ix,grass,None,80,120,84,60,96,110,12,398,284,1,156,0,1,1
